"No","Business Name","Category","Address","Phone","Tel Link","Rating","Review Count","Website Status","Existing URL","Google Maps URL","Lead Quality","Contact Status"
"1","Ray Brigham Concrete Construction","General contractor","760 Richfield St, Lockport, NY 14094, United States","+1 (716) 433-6613","tel:+17164336613","4.0","0","NO WEBSITE (GOLDEN LEAD 🔥)","-","https://www.google.com/maps/place/Ray+Brigham+Concrete+Construction/data=!4m7!3m6!1s0x89d37ece53bba4b9:0x1a9ed7b63e0106ab!8m2!3d43.1643375!4d-78.7157656!16s%2Fg%2F1tk23xvj!19sChIJuaS7U85-04kRqwYBPrbXnho?authuser=0&hl=en&g_ep=EgoyMDI2MDkyMy4wIJJjKgBIAVAD&rclk=1","HIGH PRIORITY 🎯","New Lead"
"2","Robert Miller Construction Inc","General contractor","6404 Robinson Rd, Lockport, NY 14094, United States","+1 (716) 434-8807","tel:+17164348807","5.0","0","NO WEBSITE (GOLDEN LEAD 🔥)","-","https://www.google.com/maps/place/Robert+Miller+Construction+Inc/data=!4m7!3m6!1s0x89d378ea56b01fe5:0x82cef7b9714aa4f4!8m2!3d43.1316173!4d-78.6815494!16s%2Fg%2F1tggbz5s!19sChIJ5R-wVup404kR9KRKcbn3zoI?authuser=0&hl=en&g_ep=EgoyMDI2MDkyMy4wIJJjKgBIAVAD&rclk=1","HIGH PRIORITY 🎯","New Lead"
"3","Customs Crews Inc","General contractor","6111 Old Niagara Rd, Lockport, NY 14094, United States","+1 (716) 434-6600","tel:+17164346600","5.0","0","NO WEBSITE (GOLDEN LEAD 🔥)","-","https://www.google.com/maps/place/Customs+Crews+Inc/data=!4m7!3m6!1s0x89d37e5537800529:0x9bda570527d7c853!8m2!3d43.1941713!4d-78.7027525!16s%2Fg%2F1tpn3k7x!19sChIJKQWAN1V-04kRU8jXJwVX2ps?authuser=0&hl=en&g_ep=EgoyMDI2MDkyMy4wIJJjKgBIAVAD&rclk=1","HIGH PRIORITY 🎯","New Lead"
"4","Benedict's Contracting","Contractor","50 Exchange St, Lockport, NY 14094, United States","+1 (716) 308-6887","tel:+17163086887","3.9","0","SOCIAL/DIRECTORY ONLY (GOLDEN LEAD 🔥)","https://m.facebook.com/Benedicts-plumbing-1566681676962642/about/","https://www.google.com/maps/place/Benedict%27s+Contracting/data=!4m7!3m6!1s0x89d37f6a2a5b1649:0xf50c0ee0a5f5d257!8m2!3d43.1729621!4d-78.674057!16s%2Fg%2F11c2j37h7n!19sChIJSRZbKmp_04kRV9L1peAODPU?authuser=0&hl=en&g_ep=EgoyMDI2MDkyMy4wIJJjKgBIAVAD&rclk=1","HIGH PRIORITY 🎯","New Lead"
"5","Lockport Enterprises","Dry wall contractor","256 Chestnut St, Lockport, NY 14094, United States","+1 (716) 308-8229","tel:+17163088229","4.5","0","NO WEBSITE (GOLDEN LEAD 🔥)","-","https://www.google.com/maps/place/Lockport+Enterprises/data=!4m7!3m6!1s0x89d37f14c305ffff:0xc1e044433923ae0b!8m2!3d43.1745296!4d-78.6807887!16s%2Fg%2F1wj_v7sg!19sChIJ__8FwxR_04kRC64jOUNE4ME?authuser=0&hl=en&g_ep=EgoyMDI2MDkyMy4wIJJjKgBIAVAD&rclk=1","HIGH PRIORITY 🎯","New Lead"
"6","Sparks Custom Homes","General contractor","6862 Akron Rd, Lockport, NY 14094, United States","+1 (716) 589-7566","tel:+17165897566","5.0","0","NO WEBSITE (GOLDEN LEAD 🔥)","-","https://www.google.com/maps/place/Sparks+Custom+Homes/data=!4m7!3m6!1s0x89d381fe2713696b:0x2bcd9dfd30ca9fd9!8m2!3d43.1533107!4d-78.6568152!16s%2Fg%2F1vhkljld!19sChIJa2kTJ_6B04kR2Z_KMP2dzSs?authuser=0&hl=en&g_ep=EgoyMDI2MDkyMy4wIJJjKgBIAVAD&rclk=1","HIGH PRIORITY 🎯","New Lead"
"7","Brigham Construction Supplies","General contractor","640 Richfield St, Lockport, NY 14094, United States","+1 (716) 439-9078","tel:+17164399078","4.9","0","NO WEBSITE (GOLDEN LEAD 🔥)","-","https://www.google.com/maps/place/Brigham+Construction+Supplies/data=!4m7!3m6!1s0x89d37ece53bba4b9:0xc28016ac407d3367!8m2!3d43.1643998!4d-78.7151149!16s%2Fg%2F1vg6vqhr!19sChIJuaS7U85-04kRZzN9QKwWgMI?authuser=0&hl=en&g_ep=EgoyMDI2MDkyMy4wIJJjKgBIAVAD&rclk=1","HIGH PRIORITY 🎯","New Lead"
"8","Clack Drywall","Dry wall contractor","6002 Ridge Rd, Lockport, NY 14094, United States","+1 (716) 434-7422","tel:+17164347422","4.2","0","NO WEBSITE (GOLDEN LEAD 🔥)","-","https://www.google.com/maps/place/Clack+Drywall/data=!4m7!3m6!1s0x89d37e30bdf820b1:0xbf3a6569261f2259!8m2!3d43.2189787!4d-78.7126448!16s%2Fg%2F1tff8lm8!19sChIJsSD4vTB-04kRWSIfJmllOr8?authuser=0&hl=en&g_ep=EgoyMDI2MDkyMy4wIJJjKgBIAVAD&rclk=1","HIGH PRIORITY 🎯","New Lead"
"9","Hildreth Electric","Contractor","5427 Crown Dr, Lockport, NY 14094, United States","+1 (716) 439-0518","tel:+17164390518","4.5","0","NO WEBSITE (GOLDEN LEAD 🔥)","-","https://www.google.com/maps/place/Hildreth+Electric/data=!4m7!3m6!1s0x89d37c02ac729f4b:0xbe8f2b9ac52e7fbf!8m2!3d43.1683585!4d-78.7478379!16s%2Fg%2F1tfn3qrn!19sChIJS59yrAJ804kRv38uxZorj74?authuser=0&hl=en&g_ep=EgoyMDI2MDkyMy4wIJJjKgBIAVAD&rclk=1","HIGH PRIORITY 🎯","New Lead"
"10","American Concrete","Ready mix concrete supplier","500 Richfield St, Lockport, NY 14094, United States","+1 (716) 433-7915","tel:+17164337915","3.8","0","NO WEBSITE (GOLDEN LEAD 🔥)","-","https://www.google.com/maps/place/American+Concrete/data=!4m7!3m6!1s0x89d37ece4f2c4d15:0xb6864432f837a509!8m2!3d43.1651344!4d-78.7154088!16s%2Fg%2F1tfz12l0!19sChIJFU0sT85-04kRCaU3-DJEhrY?authuser=0&hl=en&g_ep=EgoyMDI2MDkyMy4wIJJjKgBIAVAD&rclk=1","HIGH PRIORITY 🎯","New Lead"
"11","electrical solutions","Electrician","4761 Cold Springs Rd, Lockport, NY 14094, United States","+1 (716) 513-6830","tel:+17165136830","4.8","0","NO WEBSITE (GOLDEN LEAD 🔥)","-","https://www.google.com/maps/place/electrical+solutions/data=!4m7!3m6!1s0x89d37ff1973b6581:0x159487ce073d608c!8m2!3d43.1855904!4d-78.6642067!16s%2Fg%2F11qrkj36bg!19sChIJgWU7l_F_04kRjGA9B86HlBU?authuser=0&hl=en&g_ep=EgoyMDI2MDkyMy4wIJJjKgBIAVAD&rclk=1","HIGH PRIORITY 🎯","New Lead"
"12","FH Land Services","Landscaper","26 Bewley Pkwy, Lockport, NY 14094, United States","+1 (716) 523-8341","tel:+17165238341","4.8","0","SOCIAL/DIRECTORY ONLY (GOLDEN LEAD 🔥)","https://www.facebook.com/FHLandServices","https://www.google.com/maps/place/FH+Land+Services/data=!4m7!3m6!1s0x89d37f2494a05d19:0x562a8224fe289d80!8m2!3d43.1766557!4d-78.6753487!16s%2Fg%2F11s4t7tv71!19sChIJGV2glCR_04kRgJ0o_iSCKlY?authuser=0&hl=en&g_ep=EgoyMDI2MDkyMy4wIJJjKgBIAVAD&rclk=1","HIGH PRIORITY 🎯","New Lead"
"13","Housing Visions Construction Co Inc","Construction company","7 South St, Lockport, NY 14094, United States","+1 (716) 433-4213","tel:+17164334213","-","0","NO WEBSITE (GOLDEN LEAD 🔥)","-","https://www.google.com/maps/place/Housing+Visions+Construction+Co+Inc/data=!4m7!3m6!1s0x89d37f23517bbceb:0x37fc6f32a6dfb7ab!8m2!3d43.1680268!4d-78.6913105!16s%2Fg%2F12615xbdm!19sChIJ67x7USN_04kRq7ffpjJv_Dc?authuser=0&hl=en&g_ep=EgoyMDI2MDkyMy4wIJJjKgBIAVAD&rclk=1","HIGH PRIORITY 🎯","New Lead"
"14","Powell's Heating & Cooling","HVAC contractor","Lockport, NY","+1 (716) 417-6686","tel:+17164176686","4.8","0","NO WEBSITE (GOLDEN LEAD 🔥)","-","https://www.google.com/maps/place/Powell%27s+Heating+%26+Cooling/data=!4m7!3m6!1s0x89d37f1561ad570b:0x95193dec351b21c0!8m2!3d43.0345724!4d-78.6522944!16s%2Fg%2F11f660sypw!19sChIJC1etYRV_04kRwCEbNew9GZU?authuser=0&hl=en&g_ep=EgoyMDI2MDkyMy4wIJJjKgBIAVAD&rclk=1","HIGH PRIORITY 🎯","New Lead"
"15","Zach's Garage Door Service","Garage door supplier","104 Grant St, Lockport, NY 14094, United States","+1 (716) 438-6805","tel:+17164386805","5.0","0","NO WEBSITE (GOLDEN LEAD 🔥)","-","https://www.google.com/maps/place/Zach%27s+Garage+Door+Service/data=!4m7!3m6!1s0x89d37f383ab038d7:0xabfe296583aceb2e!8m2!3d43.1626678!4d-78.6816758!16s%2Fg%2F11f120n1ry!19sChIJ1ziwOjh_04kRLuusg2Up_qs?authuser=0&hl=en&g_ep=EgoyMDI2MDkyMy4wIJJjKgBIAVAD&rclk=1","HIGH PRIORITY 🎯","New Lead"
"16","Haley Automotive Inc","Auto repair shop","100 Market St, Lockport, NY 14094, United States","+1 (716) 433-3900","tel:+17164333900","4.6","0","NO WEBSITE (GOLDEN LEAD 🔥)","-","https://www.google.com/maps/place/Haley+Automotive+Inc/data=!4m7!3m6!1s0x89d37f17c370f939:0x3ece98a55121415f!8m2!3d43.1730972!4d-78.6891798!16s%2Fg%2F1tfr1dqf!19sChIJOflwwxd_04kRX0EhUaWYzj4?authuser=0&hl=en&g_ep=EgoyMDI2MDkyMy4wIJJjKgBIAVAD&rclk=1","HIGH PRIORITY 🎯","New Lead"
"17","Sunshine Auto Sales and Service","Auto repair shop","32 S Niagara St, Lockport, NY 14094, United States","+1 (716) 799-3695","tel:+17167993695","4.9","0","NO WEBSITE (GOLDEN LEAD 🔥)","-","https://www.google.com/maps/place/Sunshine+Auto+Sales+and+Service/data=!4m7!3m6!1s0x89d37fc524d97541:0x5fd9e8051033e34d!8m2!3d43.1701064!4d-78.7072652!16s%2Fg%2F11fmbk8clc!19sChIJQXXZJMV_04kRTeMzEAXo2V8?authuser=0&hl=en&g_ep=EgoyMDI2MDkyMy4wIJJjKgBIAVAD&rclk=1","HIGH PRIORITY 🎯","New Lead"
"18","Lincoln Car Care","Auto repair shop","6628 Lincoln Ave, Lockport, NY 14094, United States","+1 (716) 433-2000","tel:+17164332000","4.8","0","NO WEBSITE (GOLDEN LEAD 🔥)","-","https://www.google.com/maps/place/Lincoln+Car+Care/data=!4m7!3m6!1s0x89d37f5483cd64e5:0x13064768e23934c0!8m2!3d43.1526748!4d-78.6624426!16s%2Fg%2F1v0lls1_!19sChIJ5WTNg1R_04kRwDQ54mhHBhM?authuser=0&hl=en&g_ep=EgoyMDI2MDkyMy4wIJJjKgBIAVAD&rclk=1","HIGH PRIORITY 🎯","New Lead"
"19","Doug's Unique Auto","Auto body shop","435 Park Ave, Lockport, NY 14094, United States","+1 (716) 439-4483","tel:+17164394483","5.0","0","NO WEBSITE (GOLDEN LEAD 🔥)","-","https://www.google.com/maps/place/Doug%27s+Unique+Auto/data=!4m7!3m6!1s0x89d37ec52255270f:0xc96df9db19785461!8m2!3d43.1672917!4d-78.7149106!16s%2Fg%2F1tfxhp1b!19sChIJDydVIsV-04kRYVR4Gdv5bck?authuser=0&hl=en&g_ep=EgoyMDI2MDkyMy4wIJJjKgBIAVAD&rclk=1","HIGH PRIORITY 🎯","New Lead"
"20","Hunt Automotive","Auto repair shop","189 Van Buren St, Lockport, NY 14094, United States","+1 (716) 434-2333","tel:+17164342333","4.2","0","NO WEBSITE (GOLDEN LEAD 🔥)","-","https://www.google.com/maps/place/Hunt+Automotive/data=!4m7!3m6!1s0x89d37f12995ab669:0xf993e389d9535642!8m2!3d43.1808781!4d-78.6809934!16s%2Fg%2F1vtqx29p!19sChIJabZamRJ_04kRQlZT2Ynjk_k?authuser=0&hl=en&g_ep=EgoyMDI2MDkyMy4wIJJjKgBIAVAD&rclk=1","HIGH PRIORITY 🎯","New Lead"
"21","Herman's Auto Repair","Auto repair shop","169 N Transit St, Lockport, NY 14094, United States","+1 (716) 433-7190","tel:+17164337190","4.8","0","NO WEBSITE (GOLDEN LEAD 🔥)","-","https://www.google.com/maps/place/Herman%27s+Auto+Repair/data=!4m7!3m6!1s0x89d37f21fe17ff2f:0x12455bd3a8a1f06e!8m2!3d43.1888673!4d-78.6970607!16s%2Fg%2F12644t424!19sChIJL_8X_iF_04kRbvChqNNbRRI?authuser=0&hl=en&g_ep=EgoyMDI2MDkyMy4wIJJjKgBIAVAD&rclk=1","HIGH PRIORITY 🎯","New Lead"
"22","104 Auto & Truck Services","Auto repair shop","5281 Ridge Rd, Lockport, NY 14094, United States","+1 (716) 434-8926","tel:+17164348926","4.7","0","NO WEBSITE (GOLDEN LEAD 🔥)","-","https://www.google.com/maps/place/104+Auto+%26+Truck+Services/data=!4m7!3m6!1s0x89d37ddded17780f:0xf1f078271c5907d3!8m2!3d43.2167991!4d-78.7542392!16s%2Fg%2F1td2_fpt!19sChIJD3gX7d1904kR0wdZHCd48PE?authuser=0&hl=en&g_ep=EgoyMDI2MDkyMy4wIJJjKgBIAVAD&rclk=1","HIGH PRIORITY 🎯","New Lead"
"23","Mel's Service","Auto repair shop","616 West Ave, Lockport, NY 14094, United States","+1 (716) 433-8401","tel:+17164338401","4.7","0","NO WEBSITE (GOLDEN LEAD 🔥)","-","https://www.google.com/maps/place/Mel%27s+Service/data=!4m7!3m6!1s0x89d37ecf373b1635:0xed4a38a8c9444ad8!8m2!3d43.16405!4d-78.7189!16s%2Fg%2F1tfc7lr3!19sChIJNRY7N89-04kR2EpEyag4Su0?authuser=0&hl=en&g_ep=EgoyMDI2MDkyMy4wIJJjKgBIAVAD&rclk=1","HIGH PRIORITY 🎯","New Lead"
"24","Davis Automotive","Auto repair shop","6099 Robinson Rd, Lockport, NY 14094, United States","+1 (716) 210-3342","tel:+17162103342","5.0","0","NO WEBSITE (GOLDEN LEAD 🔥)","-","https://www.google.com/maps/place/Davis+Automotive/data=!4m7!3m6!1s0x89d378e02bf20c67:0xd35e97cdcb7178ab!8m2!3d43.1329637!4d-78.7018813!16s%2Fg%2F11bvt56y86!19sChIJZwzyK-B404kRq3hxy82XXtM?authuser=0&hl=en&g_ep=EgoyMDI2MDkyMy4wIJJjKgBIAVAD&rclk=1","HIGH PRIORITY 🎯","New Lead"
"25","West Ave Auto","Mechanic","450 West Ave, Lockport, NY 14094, United States","-","-","5.0","0","NO WEBSITE (GOLDEN LEAD 🔥)","-","https://www.google.com/maps/place/West+Ave+Auto/data=!4m7!3m6!1s0x89d37edac01c31b5:0xc1bd0b2e2a7c0c2c!8m2!3d43.1663139!4d-78.7121597!16s%2Fg%2F11f3tt9rwb!19sChIJtTEcwNp-04kRLAx8Ki4LvcE?authuser=0&hl=en&g_ep=EgoyMDI2MDkyMy4wIJJjKgBIAVAD&rclk=1","HIGH PRIORITY 🎯","New Lead"
"26","Gothard Auto Wrecking","Tire shop","7264 Akron Rd, Lockport, NY 14094, United States","+1 (716) 439-9037","tel:+17164399037","4.8","0","NO WEBSITE (GOLDEN LEAD 🔥)","-","https://www.google.com/maps/place/Gothard+Auto+Wrecking/data=!4m7!3m6!1s0x89d3822209a8a81d:0x1b086c6828561a9d!8m2!3d43.1420753!4d-78.6340411!16s%2Fg%2F1tjdmqy0!19sChIJHaioCSKC04kRnRpWKGhsCBs?authuser=0&hl=en&g_ep=EgoyMDI2MDkyMy4wIJJjKgBIAVAD&rclk=1","HIGH PRIORITY 🎯","New Lead"
"27","SH Auto Sale Inc","Auto repair shop","205 Washburn St, Lockport, NY 14094, United States","+1 (716) 817-4441","tel:+17168174441","5.0","0","NO WEBSITE (GOLDEN LEAD 🔥)","-","https://www.google.com/maps/place/SH+Auto+Sale+Inc/data=!4m7!3m6!1s0x89d37fb3eb3963e1:0xf183c01eb788ecca!8m2!3d43.1688657!4d-78.6857201!16s%2Fg%2F11w7t2c0pq!19sChIJ4WM567N_04kRyuyItx7Ag_E?authuser=0&hl=en&g_ep=EgoyMDI2MDkyMy4wIJJjKgBIAVAD&rclk=1","HIGH PRIORITY 🎯","New Lead"
"28","Dayfert's Truck & Auto Repair","Truck repair shop","5596 Murphy Rd, Lockport, NY 14094, United States","+1 (716) 625-9046","tel:+17166259046","4.8","0","SOCIAL/DIRECTORY ONLY (GOLDEN LEAD 🔥)","https://www.facebook.com/profile.php?id=100067071229894","https://www.google.com/maps/place/Dayfert%27s+Truck+%26+Auto+Repair/data=!4m7!3m6!1s0x89d37969f6fe724d:0xfe7d511f3db1df81!8m2!3d43.137459!4d-78.730813!16s%2Fg%2F1td_64wj!19sChIJTXL-9ml504kRgd-xPR9Rff4?authuser=0&hl=en&g_ep=EgoyMDI2MDkyMy4wIJJjKgBIAVAD&rclk=1","HIGH PRIORITY 🎯","New Lead"
"29","Cole Muffler","Muffler shop","250 S Transit St, Lockport, NY 14094, United States","+1 (716) 433-1328","tel:+17164331328","4.0","0","NO WEBSITE (GOLDEN LEAD 🔥)","-","https://www.google.com/maps/place/Cole+Muffler/data=!4m7!3m6!1s0x89d37f2ed33915ab:0x241457452b54010c!8m2!3d43.1608342!4d-78.6965215!16s%2Fg%2F1tfcp9zm!19sChIJqxU50y5_04kRDAFUK0VXFCQ?authuser=0&hl=en&g_ep=EgoyMDI2MDkyMy4wIJJjKgBIAVAD&rclk=1","HIGH PRIORITY 🎯","New Lead"
"30","Pats express lube","Auto repair shop","40 S Niagara St, Lockport, NY 14094, United States","+1 (716) 251-4275","tel:+17162514275","5.0","0","NO WEBSITE (GOLDEN LEAD 🔥)","-","https://www.google.com/maps/place/Pats+express+lube/data=!4m7!3m6!1s0x89d37f7c0c732779:0x74f1a1354b015d2!8m2!3d43.1699764!4d-78.7078675!16s%2Fg%2F11q94zs537!19sChIJeSdzDHx_04kR0hWwVBMaTwc?authuser=0&hl=en&g_ep=EgoyMDI2MDkyMy4wIJJjKgBIAVAD&rclk=1","HIGH PRIORITY 🎯","New Lead"
"31","Frank's Advanced Auto","Mechanic","435 Park Ave, Lockport, NY 14094, United States","+1 (716) 523-5691","tel:+17165235691","5.0","0","NO WEBSITE (GOLDEN LEAD 🔥)","-","https://www.google.com/maps/place/Frank%27s+Advanced+Auto/data=!4m7!3m6!1s0x89d37ff3b45eb7d3:0x1d58608e95066ae5!8m2!3d43.1673456!4d-78.7149656!16s%2Fg%2F11vc6cyy49!19sChIJ07detPN_04kR5WoGlY5gWB0?authuser=0&hl=en&g_ep=EgoyMDI2MDkyMy4wIJJjKgBIAVAD&rclk=1","HIGH PRIORITY 🎯","New Lead"
"32","Dahlquist Automotive","Auto repair shop","6850 Akron Rd, Lockport, NY 14094, United States","+1 (716) 434-5286","tel:+17164345286","3.8","0","NO WEBSITE (GOLDEN LEAD 🔥)","-","https://www.google.com/maps/place/Dahlquist+Automotive/data=!4m7!3m6!1s0x89d37f55f75fe451:0xb6dd47c8dbb125b5!8m2!3d43.1539726!4d-78.6573152!16s%2Fg%2F1w9y21zr!19sChIJUeRf91V_04kRtSWx28hH3bY?authuser=0&hl=en&g_ep=EgoyMDI2MDkyMy4wIJJjKgBIAVAD&rclk=1","HIGH PRIORITY 🎯","New Lead"
"33","S&S Fleet Solutions, Inc.","Truck repair shop","801 Richfield St Building C, Lockport, NY 14094, United States","+1 (716) 438-3780","tel:+17164383780","5.0","0","NO WEBSITE (GOLDEN LEAD 🔥)","-","https://www.google.com/maps/place/S%26S+Fleet+Solutions,+Inc./data=!4m7!3m6!1s0x89d37ece5a4c6d11:0x3862253917cf81f0!8m2!3d43.1615753!4d-78.7189025!16s%2Fg%2F11ggzmkccg!19sChIJEW1MWs5-04kR8IHPFzklYjg?authuser=0&hl=en&g_ep=EgoyMDI2MDkyMy4wIJJjKgBIAVAD&rclk=1","HIGH PRIORITY 🎯","New Lead"
"34","Reber Tire","Tire shop","330 West Ave, Lockport, NY 14094, United States","+1 (716) 433-2615","tel:+17164332615","5.0","0","NO WEBSITE (GOLDEN LEAD 🔥)","-","https://www.google.com/maps/place/Reber+Tire/data=!4m7!3m6!1s0x89d37ed980091f81:0xc330054f3807a115!8m2!3d43.166899!4d-78.707906!16s%2Fg%2F1tmqsbst!19sChIJgR8JgNl-04kRFaEHOE8FMMM?authuser=0&hl=en&g_ep=EgoyMDI2MDkyMy4wIJJjKgBIAVAD&rclk=1","HIGH PRIORITY 🎯","New Lead"
"35","Pete's Collision Inc","Auto body shop","49 Washburn St, Lockport, NY 14094, United States","+1 (716) 434-3572","tel:+17164343572","4.7","0","NO WEBSITE (GOLDEN LEAD 🔥)","-","https://www.google.com/maps/place/Pete%27s+Collision+Inc/data=!4m7!3m6!1s0x89d37f167297381d:0x92d1208aa0358404!8m2!3d43.1733036!4d-78.685926!16s%2Fg%2F1tfqb67x!19sChIJHTiXchZ_04kRBIQ1oIog0ZI?authuser=0&hl=en&g_ep=EgoyMDI2MDkyMy4wIJJjKgBIAVAD&rclk=1","HIGH PRIORITY 🎯","New Lead"
"36","The Car Place Lockport","Used car dealer","112 W Genesee St Geology and Engineering, Lockport, NY 14094, United States","+1 (716) 433-4444","tel:+17164334444","4.6","0","NO WEBSITE (GOLDEN LEAD 🔥)","-","https://www.google.com/maps/place/The+Car+Place+Lockport/data=!4m7!3m6!1s0x89d37edea70ebab9:0xcbde8ea841624c46!8m2!3d43.1673595!4d-78.6984462!16s%2Fg%2F1tctsnm3!19sChIJuboOp95-04kRRkxiQaiO3ss?authuser=0&hl=en&g_ep=EgoyMDI2MDkyMy4wIJJjKgBIAVAD&rclk=1","HIGH PRIORITY 🎯","New Lead"
"37","Comtruck Repair","Truck repair shop","6310 S Transit Rd, Lockport, NY 14094, United States","+1 (716) 625-8434","tel:+17166258434","5.0","0","NO WEBSITE (GOLDEN LEAD 🔥)","-","https://www.google.com/maps/place/Comtruck+Repair/data=!4m7!3m6!1s0x89d379b7dc0ca765:0x5581663d9abe244d!8m2!3d43.1217111!4d-78.6982381!16s%2Fg%2F11stjhy3m3!19sChIJZacM3Ld504kRTSS-mj1mgVU?authuser=0&hl=en&g_ep=EgoyMDI2MDkyMy4wIJJjKgBIAVAD&rclk=1","HIGH PRIORITY 🎯","New Lead"
"38","Jp Madison Hair Technology","Hair salon","241 S Transit St, Lockport, NY 14094, United States","+1 (716) 433-2240","tel:+17164332240","4.7","0","NO WEBSITE (GOLDEN LEAD 🔥)","-","https://www.google.com/maps/place/Jp+Madison+Hair+Technology/data=!4m7!3m6!1s0x89d37f3cd89a73cf:0xd1e94b6242c4d680!8m2!3d43.1609881!4d-78.6971582!16s%2Fg%2F1vp704w9!19sChIJz3Oa2Dx_04kRgNbEQmJL6dE?authuser=0&hl=en&g_ep=EgoyMDI2MDkyMy4wIJJjKgBIAVAD&rclk=1","HIGH PRIORITY 🎯","New Lead"
"39","Blue Door Salon","Beauty salon","5549 Davison Rd, Lockport, NY 14094, United States","-","-","4.9","0","SOCIAL/DIRECTORY ONLY (GOLDEN LEAD 🔥)","https://www.facebook.com/BlueDoorSalon/","https://www.google.com/maps/place/Blue+Door+Salon/data=!4m7!3m6!1s0x89d37f232ba0b92f:0x1f7fb3f9bc3d979b!8m2!3d43.1523476!4d-78.6649742!16s%2Fg%2F11bz0km8q_!19sChIJL7mgKyN_04kRm5c9vPmzfx8?authuser=0&hl=en&g_ep=EgoyMDI2MDkyMy4wIJJjKgBIAVAD&rclk=1","HIGH PRIORITY 🎯","New Lead"
"40","Mia Bella’s Hair Salon","Hair salon","329 East Ave, Lockport, NY 14094, United States","+1 (716) 395-6352","tel:+17163956352","4.9","0","NO WEBSITE (GOLDEN LEAD 🔥)","-","https://www.google.com/maps/place/Mia+Bella%E2%80%99s+Hair+Salon/data=!4m7!3m6!1s0x89d37f276bd762d3:0xf7c370fc0a9775fe!8m2!3d43.1744367!4d-78.6773152!16s%2Fg%2F11w7jf9k5w!19sChIJ02LXayd_04kR_nWXCvxww_c?authuser=0&hl=en&g_ep=EgoyMDI2MDkyMy4wIJJjKgBIAVAD&rclk=1","HIGH PRIORITY 🎯","New Lead"
"41","Salon Life 716","Beauty salon","80 Main St Ste b, Lockport, NY 14094, United States","-","-","4.5","0","NO WEBSITE (GOLDEN LEAD 🔥)","-","https://www.google.com/maps/place/Salon+Life+716/data=!4m7!3m6!1s0x89d37f13e4035ea9:0x33ff30def51f13cb!8m2!3d43.1700274!4d-78.6909706!16s%2Fg%2F11ghds781z!19sChIJqV4D5BN_04kRyxMf9d4w_zM?authuser=0&hl=en&g_ep=EgoyMDI2MDkyMy4wIJJjKgBIAVAD&rclk=1","HIGH PRIORITY 🎯","New Lead"
"42","Hairs To You","Beauty salon","5679 S Transit Rd, Lockport, NY 14094, United States","+1 (716) 434-9385","tel:+17164349385","5.0","0","NO WEBSITE (GOLDEN LEAD 🔥)","-","https://www.google.com/maps/place/Hairs+To+You/data=!4m7!3m6!1s0x89d37f3d3ac38a79:0x987e7446a2098ab1!8m2!3d43.1497944!4d-78.6959548!16s%2Fg%2F1tg5w0zj!19sChIJeYrDOj1_04kRsYoJokZ0fpg?authuser=0&hl=en&g_ep=EgoyMDI2MDkyMy4wIJJjKgBIAVAD&rclk=1","HIGH PRIORITY 🎯","New Lead"
"43","Capelli Salon","Nail salon","411 West Ave, Lockport, NY 14094, United States","+1 (716) 433-3898","tel:+17164333898","4.8","0","NO WEBSITE (GOLDEN LEAD 🔥)","-","https://www.google.com/maps/place/Capelli+Salon/data=!4m7!3m6!1s0x89d37eda55ac86c7:0xd475a36b60dd0d1f!8m2!3d43.1670043!4d-78.7106429!16s%2Fg%2F1tp287lt!19sChIJx4asVdp-04kRHw3dYGujddQ?authuser=0&hl=en&g_ep=EgoyMDI2MDkyMy4wIJJjKgBIAVAD&rclk=1","HIGH PRIORITY 🎯","New Lead"
"44","Truly Organic Hair Studio","Hair salon","425 Davison Rd, Lockport, NY 14094, United States","+1 (716) 957-8317","tel:+17169578317","4.9","0","NO WEBSITE (GOLDEN LEAD 🔥)","-","https://www.google.com/maps/place/Truly+Organic+Hair+Studio/data=!4m7!3m6!1s0x89d37fedae5d0fb3:0xd95ae3d3871edf80!8m2!3d43.1666625!4d-78.6656318!16s%2Fg%2F11rc8d3mvt!19sChIJsw9dru1_04kRgN8eh9PjWtk?authuser=0&hl=en&g_ep=EgoyMDI2MDkyMy4wIJJjKgBIAVAD&rclk=1","HIGH PRIORITY 🎯","New Lead"
"45","The Glossary Hair & Co.","Hair salon","4 Lock St L2, Lockport, NY 14094, United States","-","-","5.0","0","NO WEBSITE (GOLDEN LEAD 🔥)","-","https://www.google.com/maps/place/The+Glossary+Hair+%26+Co./data=!4m7!3m6!1s0x89d37f001e77c83f:0xc58afe8d1d92dd22!8m2!3d43.1714065!4d-78.6933609!16s%2Fg%2F11w933ckfp!19sChIJP8h3HgB_04kRIt2SHY3-isU?authuser=0&hl=en&g_ep=EgoyMDI2MDkyMy4wIJJjKgBIAVAD&rclk=1","HIGH PRIORITY 🎯","New Lead"
"46","Bob's Barber Shop","Barber shop","368 East Ave, Lockport, NY 14094, United States","+1 (716) 434-5650","tel:+17164345650","4.9","0","NO WEBSITE (GOLDEN LEAD 🔥)","-","https://www.google.com/maps/place/Bob%27s+Barber+Shop/data=!4m7!3m6!1s0x89d37f6bbeb65fb5:0x21f3f25e300d7cab!8m2!3d43.17441!4d-78.6757085!16s%2Fg%2F1tdwlhb4!19sChIJtV-2vmt_04kRq3wNMF7y8yE?authuser=0&hl=en&g_ep=EgoyMDI2MDkyMy4wIJJjKgBIAVAD&rclk=1","HIGH PRIORITY 🎯","New Lead"
"47","Sanitary Barbershop","Barber shop","151 West Ave, Lockport, NY 14094, United States","+1 (716) 433-3475","tel:+17164333475","4.9","0","NO WEBSITE (GOLDEN LEAD 🔥)","-","https://www.google.com/maps/place/Sanitary+Barbershop/data=!4m7!3m6!1s0x89d37f2748a04497:0xa40919100832826!8m2!3d43.1680549!4d-78.7010567!16s%2Fg%2F11bysjzssh!19sChIJl0SgSCd_04kRJiiDAJGRQAo?authuser=0&hl=en&g_ep=EgoyMDI2MDkyMy4wIJJjKgBIAVAD&rclk=1","HIGH PRIORITY 🎯","New Lead"
"48","Sandy's Barber Stylist For Men","Barber shop","241 S Transit St, Lockport, NY 14094, United States","+1 (716) 434-3333","tel:+17164343333","4.7","0","NO WEBSITE (GOLDEN LEAD 🔥)","-","https://www.google.com/maps/place/Sandy%27s+Barber+Stylist+For+Men/data=!4m7!3m6!1s0x89d37f2929129ed7:0xc1eb35f9710cea32!8m2!3d43.160979!4d-78.6971697!16s%2Fg%2F12624wvss!19sChIJ154SKSl_04kRMuoMcfk168E?authuser=0&hl=en&g_ep=EgoyMDI2MDkyMy4wIJJjKgBIAVAD&rclk=1","HIGH PRIORITY 🎯","New Lead"
"49","Sullivan's Hair Design","Barber shop","458 Walnut St, Lockport, NY 14094, United States","+1 (716) 434-0175","tel:+17164340175","5.0","0","NO WEBSITE (GOLDEN LEAD 🔥)","-","https://www.google.com/maps/place/Sullivan%27s+Hair+Design/data=!4m7!3m6!1s0x89d37f6aaf33506f:0x5e23dab721437609!8m2!3d43.1716485!4d-78.6789865!16s%2Fg%2F1tdb5822!19sChIJb1Azr2p_04kRCXZDIbfaI14?authuser=0&hl=en&g_ep=EgoyMDI2MDkyMy4wIJJjKgBIAVAD&rclk=1","HIGH PRIORITY 🎯","New Lead"
"50","DiPaolo's Barber Shop","Barber shop","161 East Ave, Lockport, NY 14094, United States","+1 (202) 547-9204","tel:+12025479204","5.0","0","SOCIAL/DIRECTORY ONLY (GOLDEN LEAD 🔥)","https://www.facebook.com/pg/DiPaolos-Barber-shop-308188411609/","https://www.google.com/maps/place/DiPaolo%27s+Barber+Shop/data=!4m7!3m6!1s0x89d37fc2d4122037:0x265cbc6d256f93e9!8m2!3d43.1726064!4d-78.6830893!16s%2Fg%2F11ft2yzyff!19sChIJNyAS1MJ_04kR6ZNvJW28XCY?authuser=0&hl=en&g_ep=EgoyMDI2MDkyMy4wIJJjKgBIAVAD&rclk=1","HIGH PRIORITY 🎯","New Lead"
"51","Trendy Nail Spa","Nail salon","1195 Lincoln Ave, Lockport, NY 14094, United States","+1 (716) 280-3091","tel:+17162803091","4.7","0","NO WEBSITE (GOLDEN LEAD 🔥)","-","https://www.google.com/maps/place/Trendy+Nail+Spa/data=!4m7!3m6!1s0x89d37fe6440fbc9f:0x9c87a4779bbdf7e!8m2!3d43.1539119!4d-78.664454!16s%2Fg%2F11t9jts9qc!19sChIJn7wPROZ_04kRft-7eUd6yAk?authuser=0&hl=en&g_ep=EgoyMDI2MDkyMy4wIJJjKgBIAVAD&rclk=1","HIGH PRIORITY 🎯","New Lead"
"52","Evolution Nails Spa","Nail salon","5714 S Transit Rd, Lockport, NY 14094, United States","+1 (716) 541-8175","tel:+17165418175","4.4","0","NO WEBSITE (GOLDEN LEAD 🔥)","-","https://www.google.com/maps/place/Evolution+Nails+Spa/data=!4m7!3m6!1s0x89d378d68dc2e073:0x177ef99df00bad3f!8m2!3d43.1484222!4d-78.6988689!16s%2Fg%2F1tddt59y!19sChIJc-DCjdZ404kRP60L8J35fhc?authuser=0&hl=en&g_ep=EgoyMDI2MDkyMy4wIJJjKgBIAVAD&rclk=1","HIGH PRIORITY 🎯","New Lead"
"53","Glow Beauty Head Spa & Nails Inc.","Nail salon","5905 S Transit Rd Ste A, Lockport, NY 14094, United States","+1 (716) 434-8423","tel:+17164348423","5.0","0","NO WEBSITE (GOLDEN LEAD 🔥)","-","https://www.google.com/maps/place/Glow+Beauty+Head+Spa+%26+Nails+Inc./data=!4m7!3m6!1s0x89d3792bd61d336d:0x62d601bdee782557!8m2!3d43.1360002!4d-78.6948496!16s%2Fg%2F11zf_qw3dy!19sChIJbTMd1it504kRVyV47r0B1mI?authuser=0&hl=en&g_ep=EgoyMDI2MDkyMy4wIJJjKgBIAVAD&rclk=1","HIGH PRIORITY 🎯","New Lead"
"54","Le's Nails","Nail salon","52 Pine St, Lockport, NY 14094, United States","+1 (716) 433-4320","tel:+17164334320","4.7","0","NO WEBSITE (GOLDEN LEAD 🔥)","-","https://www.google.com/maps/place/Le%27s+Nails/data=!4m7!3m6!1s0x89d37f2338b87bf5:0x507d87af17e3a4b6!8m2!3d43.1690802!4d-78.6919306!16s%2Fg%2F1tlmp9gj!19sChIJ9Xu4OCN_04kRtqTjF6-HfVA?authuser=0&hl=en&g_ep=EgoyMDI2MDkyMy4wIJJjKgBIAVAD&rclk=1","HIGH PRIORITY 🎯","New Lead"
"55","Z Nails","Nail salon","5905 S Transit Rd Ste A, Lockport, NY 14094, United States","+1 (716) 434-8423","tel:+17164348423","4.0","0","NO WEBSITE (GOLDEN LEAD 🔥)","-","https://www.google.com/maps/place/Z+Nails/data=!4m7!3m6!1s0x89d378de833f9b99:0xc926b15d7d26b67c!8m2!3d43.1363031!4d-78.6948965!16s%2Fg%2F1tg_y1wt!19sChIJmZs_g95404kRfLYmfV2xJsk?authuser=0&hl=en&g_ep=EgoyMDI2MDkyMy4wIJJjKgBIAVAD&rclk=1","HIGH PRIORITY 🎯","New Lead"
"56","Divinety Hair & Nails","Beauty salon","39 East Ave, Lockport, NY 14094, United States","-","-","4.5","0","NO WEBSITE (GOLDEN LEAD 🔥)","-","https://www.google.com/maps/place/Divinety+Hair+%26+Nails/data=!4m7!3m6!1s0x89d37f3d9a77c833:0x2340e4ef417686bf!8m2!3d43.171392!4d-78.68726!16s%2Fg%2F11gjw185n2!19sChIJM8h3mj1_04kRv4Z2Qe_kQCM?authuser=0&hl=en&g_ep=EgoyMDI2MDkyMy4wIJJjKgBIAVAD&rclk=1","HIGH PRIORITY 🎯","New Lead"
"57","Full Circle Salon","Hair salon","6606 Lincoln Dr, Lockport, NY 14094, United States","+1 (716) 438-0608","tel:+17164380608","5.0","0","NO WEBSITE (GOLDEN LEAD 🔥)","-","https://www.google.com/maps/place/Full+Circle+Salon/data=!4m7!3m6!1s0x89d37f529182c7a5:0xc409ba21db87d309!8m2!3d43.1546191!4d-78.6957672!16s%2Fg%2F11b66sldk9!19sChIJpceCkVJ_04kRCdOH2yG6CcQ?authuser=0&hl=en&g_ep=EgoyMDI2MDkyMy4wIJJjKgBIAVAD&rclk=1","HIGH PRIORITY 🎯","New Lead"
"58","Reids","Hot dog stand","150 Lake Ave, Lockport, NY 14094, United States","+1 (716) 471-0701","tel:+17164710701","4.6","0","SOCIAL/DIRECTORY ONLY (GOLDEN LEAD 🔥)","http://www.facebook.com/reids.in","https://www.google.com/maps/place/Reids/data=!4m7!3m6!1s0x89d37f7342ff55e7:0x49a2672fcf09e62f!8m2!3d43.184545!4d-78.6779968!16s%2Fg%2F1t_khj26!19sChIJ51X_QnN_04kRL-YJzy9nokk?authuser=0&hl=en&g_ep=EgoyMDI2MDkyMy4wIJJjKgBIAVAD&rclk=1","HIGH PRIORITY 🎯","New Lead"
"59","Lockport Seafood Shack","Seafood restaurant","20 Lock St, Lockport, NY 14094, United States","+1 (716) 419-1999","tel:+17164191999","4.6","0","NO WEBSITE (GOLDEN LEAD 🔥)","-","https://www.google.com/maps/place/Lockport+Seafood+Shack/data=!4m7!3m6!1s0x89d37ff40e2087b3:0x2ce098e30ffaf89f!8m2!3d43.1718536!4d-78.6935403!16s%2Fg%2F11sw24k_8b!19sChIJs4cgDvR_04kRn_j6D-OY4Cw?authuser=0&hl=en&g_ep=EgoyMDI2MDkyMy4wIJJjKgBIAVAD&rclk=1","HIGH PRIORITY 🎯","New Lead"
"60","Dee's Sugar Shack","Breakfast restaurant","460 West Ave, Lockport, NY 14094, United States","+1 (716) 433-9538","tel:+17164339538","4.5","0","NO WEBSITE (GOLDEN LEAD 🔥)","-","https://www.google.com/maps/place/Dee%27s+Sugar+Shack/data=!4m7!3m6!1s0x89d37edab860d9b3:0xc7b3a996c5838ac0!8m2!3d43.1662031!4d-78.7127701!16s%2Fg%2F1v1tp1r4!19sChIJs9lguNp-04kRwIqDxZaps8c?authuser=0&hl=en&g_ep=EgoyMDI2MDkyMy4wIJJjKgBIAVAD&rclk=1","HIGH PRIORITY 🎯","New Lead"
"61","Cousin's Cafe","Cafe","10 Market St, Lockport, NY 14094, United States","+1 (716) 433-1643","tel:+17164331643","4.7","0","NO WEBSITE (GOLDEN LEAD 🔥)","-","https://www.google.com/maps/place/Cousin%27s+Cafe/data=!4m7!3m6!1s0x89d37f3d3991af03:0x48a7b9396da265b6!8m2!3d43.1708955!4d-78.6903061!16s%2Fg%2F1v3gsx0q!19sChIJA6-ROT1_04kRtmWibTm5p0g?authuser=0&hl=en&g_ep=EgoyMDI2MDkyMy4wIJJjKgBIAVAD&rclk=1","HIGH PRIORITY 🎯","New Lead"
