No,Nama Bisnis,Kategori,Area Makassar,WhatsApp / Telepon,Link Direct WA,Instagram,Kebutuhan Sistem Website (Angle Pitch),Status Follow-Up
1,Arayu Aesthetic Clinic,Klinik Kecantikan & Skincare,Jl. Sultan Hasanuddin No. 61,08114034747,https://wa.me/628114034747,@arayuclinic,Sistem booking jadwal konsultasi dokter & katalog price list treatment online,Belum Dihubungi
2,Gloskin Aesthetic & Skin Care,Klinik Kecantikan & Skincare,Jl. AP Pettarani / Syarif Al Qadri,08115375559,https://wa.me/628115375559,@gloskin.makassar,Portal reservasi cabang & formulir konsultasi kulit pre-visit,Belum Dihubungi
3,Ekle's Clinic Makassar,Klinik Kecantikan & Skincare,Jl. Bulu Kunyi No. 11,085137172886,https://wa.me/6285137172886,@eklesclinic_makassar,Landing page promo bulanan & integrasi membership pasien,Belum Dihubungi
4,Mugia Aesthetic Clinic,Klinik Kecantikan & Skincare,Living Plaza Perintis Kemerdekaan,081354648880,https://wa.me/6281354648880,@mugiaestheticclinic,Katalog perawatan wajah & reservasi waktu treatment instan,Belum Dihubungi
5,Klinik Estetika dr. Affandi,Klinik Kecantikan & Skincare,Boulevard Panakkukang,08114440464,https://wa.me/628114440464,@klinikestetika,Integrasi telekonsultasi & reorder produk skincare resmi,Belum Dihubungi
6,Miracle Aesthetic Clinic,Klinik Kecantikan & Skincare,Jl. Opu Daeng Risadju (Cendrawasih),04113610888,-,@miracle_makassar,Brand showcase premium & sistem antrean konsultasi VIP,Belum Dihubungi
7,EternaMoore Makassar,Klinik Kecantikan & Skincare,Jl. Botolempangan No. 20,04118110019,-,@eternamoore_mks,Katalog layanan slimming & anti-aging terpadu,Belum Dihubungi
8,FDC Dental Clinic Makassar,Klinik Gigi & Estetika,Jl. Boulevard No. 15 Panakkukang,081110529552,https://wa.me/6281110529552,@fdc.dentalclinic,Sistem jadwal dokter gigi & estimasi biaya pasang behel/scaling,Belum Dihubungi
9,Sozo Dental Makassar,Klinik Gigi & Estetika,Jl. AP Pettarani No. 53-F,082125890825,https://wa.me/6282125890825,@sozodental,Form booking konsultasi estetika senyum & veneer gigi,Belum Dihubungi
10,Klinik Gigi Parakita Medika,Klinik Gigi & Umum,Jl. Talasalapang No. 48 E,081240001234,https://wa.me/6281240001234,@klinikparakita,Jadwal praktek dokter spesialis & pendaftaran pasien baru,Belum Dihubungi
11,Eleven Wedding Organizer,Wedding Organizer,Makassar Kota,082190773101,https://wa.me/6282190773101,@eleven.wo,Galeri portofolio wedding HD & kalkulator simulasi paket pernikahan,Belum Dihubungi
12,Loon Art Event & Wedding Organizer,Wedding & Event Organizer,Jl. Kumala No. 45 Tamalate,081241212809,https://wa.me/6281241212809,@loonart.indonesia,Website interaktif konsep dekorasi + pemesanan vendor satu pintu,Belum Dihubungi
13,Simfoni Organizer,Wedding Organizer,Makassar Kota,081355001234,https://wa.me/6281355001234,@simfoniorganizer,Buku katalog paket adat & modern serta form cek tanggal kosong,Belum Dihubungi
14,Surgaki Project,Wedding Organizer,Makassar Kota,081242001234,https://wa.me/6281242001234,@surgakiproject,Showcase video sinematik pernikahan & testimoni mempelai,Belum Dihubungi
15,Tisyah n Friends WO,Wedding Organizer,Makassar Kota,085299001234,https://wa.me/6285299001234,@tisyahnfriends,Katalog paket lamaran/akad/resepsi & booking slot tanggal,Belum Dihubungi
16,Aozora Pictures,Studio Foto & Photography,Jl. Abdullah Daeng Sirua No. 16E,085299959699,https://wa.me/6285299959699,@aozorapictures,Sistem self-booking jadwal studio sesi wisuda/keluarga tanpa bentrok,Belum Dihubungi
17,Evermore Photography,Studio Foto & Prewedding,Jl. Pengayoman No. 11 A-B,081342531777,https://wa.me/6281342531777,@evermorephotography_indonesia,Galeri portofolio foto prewedding HD tanpa kompresi Instagram,Belum Dihubungi
18,Lux Pictures,Photography & Studio,Pasar Segar Blok RD Lt. 2 Panakkukang,082395223528,https://wa.me/6282395223528,@luxpictures2018,Katalog paket foto outdoor/indoor & sistem unduh file klien berpassword,Belum Dihubungi
19,Avalon Studio,Studio Foto,Jl. Batua Raya No. 17B Manggala,082328893682,https://wa.me/6282328893682,@avalon.studio,Kalender booking sesi foto self-photo studio otomatis,Belum Dihubungi
20,Phiutografia Studio,Photography,Komp. Pemda Jl. AP Pettarani Blok E20,085256102884,https://wa.me/6285256102884,@phiutografiastudio,Portofolio foto event korporat & wedding Makassar,Belum Dihubungi
21,BintoroBuild Makassar,Kontraktor & Desain Interior,Makassar Area,082210005060,https://wa.me/6282210005060,@bintorobuild,Formulir permintaan survey lokasi online & kalkulator estimasi RAB,Belum Dihubungi
22,Sakti Desain Interior,Jasa Desain Interior,Makassar Area,08112999165,https://wa.me/628112999165,@saktidesain,Showcase 3D render ruangan & portofolio before-after renovasi,Belum Dihubungi
23,Hasda Interior Makassar,Desain & Build Interior,Makassar Kota,082347813530,https://wa.me/6282347813530,@hasdainterior,Katalog custom furniture & portfolio kitchen set/kamar tidur,Belum Dihubungi
24,Nodes Studio Makassar,Studio Interior & Arsitektur,Makassar Kota,081243001234,https://wa.me/6281243001234,@nodesstudio,Website studio arsitektur minimalis modern & booking sesi konsultasi,Belum Dihubungi
25,Masterprima Makassar,Bimbel Kedinasan & UTBK,Jl. Andi Djemma No. 70,085398835835,https://wa.me/6285398835835,@masterprimamakassar,Landing page pendaftaran siswa baru & pendaftaran Tryout UTBK gratis,Belum Dihubungi
26,Akses Education Centre,Bimbel Kedinasan (STAN/IPDN),Jl. Penjernihan Raya Komp. PDAM,085242001234,https://wa.me/6285242001234,@akseskedinasan,Brosur digital interaktif, profil alumni lolos, & form registrasi,Belum Dihubungi
27,Patriot Muda Training Centre,Bimbel Akpol/Akmil/Kedinasan,Jl. Toddopuli Raya Timur No. 10,081244001234,https://wa.me/6281244001234,@patriotmuda,Sistem pendaftaran diklat fisik & akademik terpadu,Belum Dihubungi
