"71","Granata & Sons Auto & Truck","Auto repair shop","1766 Clinton St, Buffalo, NY 14206, United States","+1 (716) 822-6630","tel:+17168226630","4.5","0","NO WEBSITE (GOLDEN LEAD 🔥)","-","https://www.google.com/maps/place/Granata+%26+Sons+Auto+%26+Truck/data=!4m7!3m6!1s0x89d30dc3e7239549:0x6fe33a14cedb5ba9!8m2!3d42.8721685!4d-78.8112168!16s%2Fg%2F1thpxtjc!19sChIJSZUj58MN04kRqVvbzhQ6428?authuser=0&hl=en&g_ep=EgoyMDI2MDkyMy4wIJJjKgBIAVAD&rclk=1","HIGH PRIORITY 🎯","New Lead"
"72","Colston Enterprise","Auto repair shop","720 E Ferry St, Buffalo, NY 14211, United States","+1 (716) 896-3910","tel:+17168963910","4.6","0","NO WEBSITE (GOLDEN LEAD 🔥)","-","https://www.google.com/maps/place/Colston+Enterprise/data=!4m7!3m6!1s0x89d30d61dd450949:0xbe980405a6348d18!8m2!3d42.9148765!4d-78.8375945!16s%2Fg%2F1tfmjt8d!19sChIJSQlF3WEN04kRGI00pgUEmL4?authuser=0&hl=en&g_ep=EgoyMDI2MDkyMy4wIJJjKgBIAVAD&rclk=1","HIGH PRIORITY 🎯","New Lead"
"73","Carm Sals Automobile Services","Auto repair shop","1460 Niagara St, Buffalo, NY 14213, United States","+1 (716) 884-2399","tel:+17168842399","4.3","0","NO WEBSITE (GOLDEN LEAD 🔥)","-","https://www.google.com/maps/place/Carm+Sals+Automobile+Services/data=!4m7!3m6!1s0x89d313162564fc9b:0x3a0f0888ec7ecae3!8m2!3d42.9236526!4d-78.8984375!16s%2Fg%2F1tjs5y2n!19sChIJm_xkJRYT04kR48p-7IgIDzo?authuser=0&hl=en&g_ep=EgoyMDI2MDkyMy4wIJJjKgBIAVAD&rclk=1","HIGH PRIORITY 🎯","New Lead"
"74","Calvin's Car Clinic","Auto repair shop","1266 Seneca St, Buffalo, NY 14210, United States","+1 (716) 768-2550","tel:+17167682550","4.3","0","NO WEBSITE (GOLDEN LEAD 🔥)","-","https://www.google.com/maps/place/Calvin%27s+Car+Clinic/data=!4m7!3m6!1s0x89d30df0a6303d83:0xfc749bd6c46d12e7!8m2!3d42.8698693!4d-78.8320024!16s%2Fg%2F1261kn9qk!19sChIJgz0wpvAN04kR5xJtxNabdPw?authuser=0&hl=en&g_ep=EgoyMDI2MDkyMy4wIJJjKgBIAVAD&rclk=1","HIGH PRIORITY 🎯","New Lead"
"75","Sully’s Auto Service","Auto repair shop","466 Southside Pkwy, Buffalo, NY 14210, United States","+1 (716) 380-4957","tel:+17163804957","4.2","0","NO WEBSITE (GOLDEN LEAD 🔥)","-","https://www.google.com/maps/place/Sully%E2%80%99s+Auto+Service/data=!4m7!3m6!1s0x89d30d0ccd5b0f1f:0x5ba25d3ca779351e!8m2!3d42.8614651!4d-78.8212728!16s%2Fg%2F11h2n6dxy6!19sChIJHw9bzQwN04kRHjV5pzxdols?authuser=0&hl=en&g_ep=EgoyMDI2MDkyMy4wIJJjKgBIAVAD&rclk=1","HIGH PRIORITY 🎯","New Lead"
"76","Walden Express Auto Tech","Auto repair shop","170 Walden Ave, Buffalo, NY 14211, United States","+1 (716) 957-6376","tel:+17169576376","4.3","0","NO WEBSITE (GOLDEN LEAD 🔥)","-","https://www.google.com/maps/place/Walden+Express+Auto+Tech/data=!4m7!3m6!1s0x89d30d7bd28f76c5:0x350469779fef2993!8m2!3d42.9038992!4d-78.8298714!16s%2Fg%2F11cssjt76h!19sChIJxXaP0nsN04kRkynvn3dpBDU?authuser=0&hl=en&g_ep=EgoyMDI2MDkyMy4wIJJjKgBIAVAD&rclk=1","HIGH PRIORITY 🎯","New Lead"
"77","Eisa Auto Repair and Car Sales","Auto repair shop","2140 Genesee St, Buffalo, NY 14211, United States","+1 (716) 436-0168","tel:+17164360168","4.5","0","NO WEBSITE (GOLDEN LEAD 🔥)","-","https://www.google.com/maps/place/Eisa+Auto+Repair+and+Car+Sales/data=!4m7!3m6!1s0x89d30d8ca6f947fb:0x788b02cb30b79c39!8m2!3d42.9167245!4d-78.8042638!16s%2Fg%2F11rc1p35yx!19sChIJ-0f5powN04kROZy3MMsCi3g?authuser=0&hl=en&g_ep=EgoyMDI2MDkyMy4wIJJjKgBIAVAD&rclk=1","HIGH PRIORITY 🎯","New Lead"
"78","Shamim Auto Repair INC","Auto repair shop","2025 Broadway, Buffalo, NY 14212, United States","+1 (347) 944-4064","tel:+13479444064","4.2","0","NO WEBSITE (GOLDEN LEAD 🔥)","-","https://www.google.com/maps/place/Shamim+Auto+Repair+INC/data=!4m7!3m6!1s0x89d30dfcbbefcedd:0xec3e7f959fd03a6a!8m2!3d42.8984413!4d-78.8000121!16s%2Fg%2F11vs9t9t83!19sChIJ3c7vu_wN04kRajrQn5V_Puw?authuser=0&hl=en&g_ep=EgoyMDI2MDkyMy4wIJJjKgBIAVAD&rclk=1","HIGH PRIORITY 🎯","New Lead"
"79","Smith st auto","Auto repair shop","1099 Smith St, Buffalo, NY 14212, United States","+1 (716) 248-1515","tel:+17162481515","4.5","0","NO WEBSITE (GOLDEN LEAD 🔥)","-","https://www.google.com/maps/place/Smith+st+auto/data=!4m7!3m6!1s0x89d312798ca038c5:0x25433dd661be1d4f!8m2!3d42.8915858!4d-78.8436116!16s%2Fg%2F11dxhbzps5!19sChIJxTigjHkS04kRTx2-YdY9QyU?authuser=0&hl=en&g_ep=EgoyMDI2MDkyMy4wIJJjKgBIAVAD&rclk=1","HIGH PRIORITY 🎯","New Lead"
"80","M&W auto repair & detailing","Auto repair shop","913 Fillmore Ave, Buffalo, NY 14212, United States","+1 (814) 790-0954","tel:+18147900954","4.7","0","NO WEBSITE (GOLDEN LEAD 🔥)","-","https://www.google.com/maps/place/M%26W+auto+repair+%26+detailing/data=!4m7!3m6!1s0x89d30d5a2307e5bb:0xdb4a9ba859d53c34!8m2!3d42.8981009!4d-78.8388845!16s%2Fg%2F11pb2dbm2k!19sChIJu-UHI1oN04kRNDzVWaibSts?authuser=0&hl=en&g_ep=EgoyMDI2MDkyMy4wIJJjKgBIAVAD&rclk=1","HIGH PRIORITY 🎯","New Lead"
"81","Talib Auto dealership","Auto repair shop","771 Broadway, Buffalo, NY 14212, United States","+1 (716) 330-0813","tel:+17163300813","-","0","NO WEBSITE (GOLDEN LEAD 🔥)","-","https://www.google.com/maps/place/Talib+Auto+dealership/data=!4m7!3m6!1s0x89d31300600d5e5d:0x93b88452f76a7965!8m2!3d42.8912959!4d-78.8455511!16s%2Fg%2F11m77640v5!19sChIJXV4NYAAT04kRZXlq91KEuJM?authuser=0&hl=en&g_ep=EgoyMDI2MDkyMy4wIJJjKgBIAVAD&rclk=1","HIGH PRIORITY 🎯","New Lead"
"82","Hauck's Collision Services","Auto body shop","207 Cherry St, Buffalo, NY 14204, United States","+1 (716) 842-1040","tel:+17168421040","4.5","0","NO WEBSITE (GOLDEN LEAD 🔥)","-","https://www.google.com/maps/place/Hauck%27s+Collision+Services/data=!4m7!3m6!1s0x89d312671983f513:0xf720d4eb3ef47cd7!8m2!3d42.8949655!4d-78.858681!16s%2Fg%2F1tdx5341!19sChIJE_WDGWcS04kR13z0PuvUIPc?authuser=0&hl=en&g_ep=EgoyMDI2MDkyMy4wIJJjKgBIAVAD&rclk=1","HIGH PRIORITY 🎯","New Lead"
"83","Ace Collision Services","Auto body shop","509 E Delavan Ave, Buffalo, NY 14211, United States","+1 (716) 894-6132","tel:+17168946132","4.0","0","NO WEBSITE (GOLDEN LEAD 🔥)","-","https://www.google.com/maps/place/Ace+Collision+Services/data=!4m7!3m6!1s0x89d312a09dc9bdf3:0xca3d17c24b2ba9bb!8m2!3d42.9216508!4d-78.8384319!16s%2Fg%2F1thw7q9y!19sChIJ873JnaAS04kRu6krS8IXPco?authuser=0&hl=en&g_ep=EgoyMDI2MDkyMy4wIJJjKgBIAVAD&rclk=1","HIGH PRIORITY 🎯","New Lead"
"84","Best Motors and Repair Inc","Auto repair shop","999 Sycamore St, Buffalo, NY 14212, United States","+1 (716) 398-9040","tel:+17163989040","4.9","0","NO WEBSITE (GOLDEN LEAD 🔥)","-","https://www.google.com/maps/place/Best+Motors+and+Repair+Inc/data=!4m7!3m6!1s0x89d30d44fd98a91f:0xdc59f4817777aeee!8m2!3d42.8987517!4d-78.8347154!16s%2Fg%2F11y580z8zq!19sChIJH6mY_UQN04kR7q53d4H0Wdw?authuser=0&hl=en&g_ep=EgoyMDI2MDkyMy4wIJJjKgBIAVAD&rclk=1","HIGH PRIORITY 🎯","New Lead"
"85","A & J Auto Sales & Services","Auto body shop","1523 Bailey Ave, Buffalo, NY 14212, United States","+1 (716) 893-2416","tel:+17168932416","4.7","0","NO WEBSITE (GOLDEN LEAD 🔥)","-","https://www.google.com/maps/place/A+%26+J+Auto+Sales+%26+Services/data=!4m7!3m6!1s0x89d30da068ff61f7:0xc15b97bf42a6e6c0!8m2!3d42.8957831!4d-78.8136588!16s%2Fg%2F1tlnff78!19sChIJ92H_aKAN04kRwOamQr-XW8E?authuser=0&hl=en&g_ep=EgoyMDI2MDkyMy4wIJJjKgBIAVAD&rclk=1","HIGH PRIORITY 🎯","New Lead"
"86","A street collision","Auto body shop","45 A St, Buffalo, NY 14211, United States","+1 (716) 416-1149","tel:+17164161149","3.7","0","NO WEBSITE (GOLDEN LEAD 🔥)","-","https://www.google.com/maps/place/A+street+collision/data=!4m7!3m6!1s0x89d30d1082fee839:0x16260acd22435122!8m2!3d42.9007272!4d-78.8374218!16s%2Fg%2F11qnkh9pgv!19sChIJOej-ghAN04kRIlFDIs0KJhY?authuser=0&hl=en&g_ep=EgoyMDI2MDkyMy4wIJJjKgBIAVAD&rclk=1","HIGH PRIORITY 🎯","New Lead"
"87","Strictly Business Auto Body","Auto body shop","506 Walden Ave, Buffalo, NY 14211, United States","+1 (716) 892-3830","tel:+17168923830","3.9","0","NO WEBSITE (GOLDEN LEAD 🔥)","-","https://www.google.com/maps/place/Strictly+Business+Auto+Body/data=!4m7!3m6!1s0x89d30d72e24a1751:0x3b93b5529c2fa7e6!8m2!3d42.9046168!4d-78.8174858!16s%2Fg%2F1tv253k3!19sChIJURdK4nIN04kR5qcvnFK1kzs?authuser=0&hl=en&g_ep=EgoyMDI2MDkyMy4wIJJjKgBIAVAD&rclk=1","HIGH PRIORITY 🎯","New Lead"
"88","Lanza Auto Works","Auto body shop","135 Tonawanda St, Buffalo, NY 14207, United States","+1 (716) 875-7890","tel:+17168757890","5.0","0","NO WEBSITE (GOLDEN LEAD 🔥)","-","https://www.google.com/maps/place/Lanza+Auto+Works/data=!4m7!3m6!1s0x89d3133aac8d1969:0xb0787f0639b5adf5!8m2!3d42.9334008!4d-78.8947787!16s%2Fg%2F1tcv_dd5!19sChIJaRmNrDoT04kR9a21OQZ_eLA?authuser=0&hl=en&g_ep=EgoyMDI2MDkyMy4wIJJjKgBIAVAD&rclk=1","HIGH PRIORITY 🎯","New Lead"
"89","Mr Dentman","Auto body shop","508 W Utica St, Buffalo, NY 14213, United States","+1 (716) 881-6752","tel:+17168816752","4.0","0","NO WEBSITE (GOLDEN LEAD 🔥)","-","https://www.google.com/maps/place/Mr+Dentman/data=!4m7!3m6!1s0x89d31302f4ba2027:0x7476d26e5aa206aa!8m2!3d42.9112353!4d-78.8853488!16s%2Fg%2F1td26f28!19sChIJJyC69AIT04kRqgaiWm7SdnQ?authuser=0&hl=en&g_ep=EgoyMDI2MDkyMy4wIJJjKgBIAVAD&rclk=1","HIGH PRIORITY 🎯","New Lead"
"90","Motorcar Restoration","Auto body shop","324 Elmwood Ave, Buffalo, NY 14222, United States","+1 (716) 886-1866","tel:+17168861866","4.6","0","NO WEBSITE (GOLDEN LEAD 🔥)","-","https://www.google.com/maps/place/Motorcar+Restoration/data=!4m7!3m6!1s0x89d312f92b8bff93:0xc6fc089b6c8bf62d!8m2!3d42.9057622!4d-78.877564!16s%2Fg%2F1tmxxktx!19sChIJk_-LK_kS04kRLfaLbJsI_MY?authuser=0&hl=en&g_ep=EgoyMDI2MDkyMy4wIJJjKgBIAVAD&rclk=1","HIGH PRIORITY 🎯","New Lead"
"91","Koepnick Brothers Collision","Auto repair shop","20 Abbott Rd Ste 1, Buffalo, NY 14220, United States","+1 (716) 825-8678","tel:+17168258678","4.6","0","NO WEBSITE (GOLDEN LEAD 🔥)","-","https://www.google.com/maps/place/Koepnick+Brothers+Collision/data=!4m7!3m6!1s0x89d30e06363c5953:0x1d7a49459fb3fd4b!8m2!3d42.8571362!4d-78.8283367!16s%2Fg%2F11n__vnv78!19sChIJU1k8NgYO04kRS_2zn0VJeh0?authuser=0&hl=en&g_ep=EgoyMDI2MDkyMy4wIJJjKgBIAVAD&rclk=1","HIGH PRIORITY 🎯","New Lead"
"92","Buff City Auto Repair","Auto repair shop","2312 Bailey Ave, Buffalo, NY 14211, United States","+1 (716) 844-8244","tel:+17168448244","4.3","0","NO WEBSITE (GOLDEN LEAD 🔥)","-","https://www.google.com/maps/place/Buff+City+Auto+Repair/data=!4m7!3m6!1s0x89d30d3fbdb61351:0x358fa31a0e912a2e!8m2!3d42.917724!4d-78.8140588!16s%2Fg%2F11ghs7zlxb!19sChIJURO2vT8N04kRLiqRDhqjjzU?authuser=0&hl=en&g_ep=EgoyMDI2MDkyMy4wIJJjKgBIAVAD&rclk=1","HIGH PRIORITY 🎯","New Lead"
"93","M N Auto Plus","Auto repair shop","669 Bailey Ave, Buffalo, NY 14206, United States","+1 (716) 828-4200","tel:+17168284200","4.1","0","NO WEBSITE (GOLDEN LEAD 🔥)","-","https://www.google.com/maps/place/M+N+Auto+Plus/data=!4m7!3m6!1s0x89d30d013b64c907:0xf474b777a93b6f31!8m2!3d42.8730363!4d-78.8189873!16s%2Fg%2F1tlwb1l2!19sChIJB8lkOwEN04kRMW87qXe3dPQ?authuser=0&hl=en&g_ep=EgoyMDI2MDkyMy4wIJJjKgBIAVAD&rclk=1","HIGH PRIORITY 🎯","New Lead"
"94","Ashland Service Center","Auto repair shop","2412 Bailey Ave, Buffalo, NY 14215, United States","+1 (716) 892-0181","tel:+17168920181","4.3","0","NO WEBSITE (GOLDEN LEAD 🔥)","-","https://www.google.com/maps/place/Ashland+Service+Center/data=!4m7!3m6!1s0x89d30d3f39fa880b:0x2df1d2607ab7b176!8m2!3d42.9202579!4d-78.8140212!16s%2Fg%2F1wk7rvll!19sChIJC4j6OT8N04kRdrG3emDS8S0?authuser=0&hl=en&g_ep=EgoyMDI2MDkyMy4wIJJjKgBIAVAD&rclk=1","HIGH PRIORITY 🎯","New Lead"
"95","1610 Auto","Auto repair shop","1610 Bailey Ave, Buffalo, NY 14212, United States","+1 (716) 908-5890","tel:+17169085890","5.0","0","SOCIAL/DIRECTORY ONLY (GOLDEN LEAD 🔥)","https://www.facebook.com/share/1BH4QpkrvS/?mibextid=wwXIfr","https://www.google.com/maps/place/1610+Auto/data=!4m7!3m6!1s0x89d30d784c589b51:0xadaa0e9eba28e80d!8m2!3d42.8981648!4d-78.8142747!16s%2Fg%2F11fr0qcbc7!19sChIJUZtYTHgN04kRDegoup4Oqq0?authuser=0&hl=en&g_ep=EgoyMDI2MDkyMy4wIJJjKgBIAVAD&rclk=1","HIGH PRIORITY 🎯","New Lead"
"96","AK’S AUTO MAGIC INC.","Tire repair shop","2832 Bailey Ave, Buffalo, NY 14215, United States","+1 (716) 833-2300","tel:+17168332300","4.3","0","NO WEBSITE (GOLDEN LEAD 🔥)","-","https://www.google.com/maps/place/AK%E2%80%99S+AUTO+MAGIC+INC./data=!4m7!3m6!1s0x89d30d35bf4b32ad:0x266ab43dc97900ac!8m2!3d42.9317725!4d-78.813938!16s%2Fg%2F11h230sgz9!19sChIJrTJLvzUN04kRrAB5yT20aiY?authuser=0&hl=en&g_ep=EgoyMDI2MDkyMy4wIJJjKgBIAVAD&rclk=1","HIGH PRIORITY 🎯","New Lead"
"98","Automotive Battery & Tire","Tire shop","3218 Bailey Ave, Buffalo, NY 14215, United States","+1 (716) 838-0263","tel:+17168380263","4.1","0","NO WEBSITE (GOLDEN LEAD 🔥)","-","https://www.google.com/maps/place/Automotive+Battery+%26+Tire/data=!4m7!3m6!1s0x89d372c9b386d843:0xe22bf485c8bea100!8m2!3d42.9422677!4d-78.8138655!16s%2Fg%2F1w456lgp!19sChIJQ9iGs8ly04kRAKG-yIX0K-I?authuser=0&hl=en&g_ep=EgoyMDI2MDkyMy4wIJJjKgBIAVAD&rclk=1","HIGH PRIORITY 🎯","New Lead"
"99","Kings Total Car Care","Auto repair shop","2808 Bailey Ave, Buffalo, NY 14215, United States","+1 (716) 837-2701","tel:+17168372701","2.3","0","NO WEBSITE (GOLDEN LEAD 🔥)","-","https://www.google.com/maps/place/Kings+Total+Car+Care/data=!4m7!3m6!1s0x89d30d35c4902603:0x9ae1a68f91be9b5!8m2!3d42.9311349!4d-78.8140537!16s%2Fg%2F1hc0wcd6p!19sChIJAyaQxDUN04kRtekb-Wgargk?authuser=0&hl=en&g_ep=EgoyMDI2MDkyMy4wIJJjKgBIAVAD&rclk=1","HIGH PRIORITY 🎯","New Lead"
"100","Auto Md Complete Car Service Center","Car repair and maintenance service","3225 Bailey Ave, Buffalo, NY 14215, United States","+1 (716) 306-9672","tel:+17163069672","4.9","0","NO WEBSITE (GOLDEN LEAD 🔥)","-","https://www.google.com/maps/place/Auto+Md+Complete+Car+Service+Center/data=!4m7!3m6!1s0x89d372c852c9b211:0x2b11b8d2a3f03ea1!8m2!3d42.9424638!4d-78.8133509!16s%2Fg%2F11q_4bf0lz!19sChIJEbLJUshy04kRoT7wo9K4ESs?authuser=0&hl=en&g_ep=EgoyMDI2MDkyMy4wIJJjKgBIAVAD&rclk=1","HIGH PRIORITY 🎯","New Lead"
"101","Prince Tire","Used tire shop","2832 Bailey Ave, Buffalo, NY 14215, United States","+1 (716) 833-2300","tel:+17168332300","4.2","0","NO WEBSITE (GOLDEN LEAD 🔥)","-","https://www.google.com/maps/place/Prince+Tire/data=!4m7!3m6!1s0x89d30d35bb9635c3:0x4082cf9b3bacb00f!8m2!3d42.9319012!4d-78.8141284!16s%2Fg%2F1hc6s3fhw!19sChIJwzWWuzUN04kRD7CsO5vPgkA?authuser=0&hl=en&g_ep=EgoyMDI2MDkyMy4wIJJjKgBIAVAD&rclk=1","HIGH PRIORITY 🎯","New Lead"
"102","Finish Line Automotive","Used car dealer","2401 Bailey Ave, Buffalo, NY 14215, United States","+1 (716) 895-2996","tel:+17168952996","4.5","0","NO WEBSITE (GOLDEN LEAD 🔥)","-","https://www.google.com/maps/place/Finish+Line+Automotive/data=!4m7!3m6!1s0x89d30d3f3ca2a6c7:0xa5a18f7ba2896ab8!8m2!3d42.9199574!4d-78.8134355!16s%2Fg%2F1tm8lkt9!19sChIJx6aiPD8N04kRuGqJonuPoaU?authuser=0&hl=en&g_ep=EgoyMDI2MDkyMy4wIJJjKgBIAVAD&rclk=1","HIGH PRIORITY 🎯","New Lead"
"103","BC Automotive","Auto repair shop","12 Knox Ave, Buffalo, NY 14216, United States","+1 (716) 240-9416","tel:+17162409416","4.9","0","SOCIAL/DIRECTORY ONLY (GOLDEN LEAD 🔥)","https://www.facebook.com/profile.php?id=100063539593479","https://www.google.com/maps/place/BC+Automotive/data=!4m7!3m6!1s0x89d36cbb6f19d90f:0x81540a39c85a2e27!8m2!3d42.9436564!4d-78.8675062!16s%2Fg%2F1tc_g76v!19sChIJD9kZb7ts04kRJy5ayDkKVIE?authuser=0&hl=en&g_ep=EgoyMDI2MDkyMy4wIJJjKgBIAVAD&rclk=1","HIGH PRIORITY 🎯","New Lead"
"104","PRD Perormance","Auto body shop","299 Bailey Ave, Buffalo, NY 14210, United States","-","-","-","0","NO WEBSITE (GOLDEN LEAD 🔥)","-","https://www.google.com/maps/place/PRD+Perormance/data=!4m7!3m6!1s0x89d30d0059f5ca87:0xb9eba118c9e01a0c!8m2!3d42.864134!4d-78.8252935!16s%2Fg%2F11z8sw5twb!19sChIJh8r1WQAN04kRDBrgyRih67k?authuser=0&hl=en&g_ep=EgoyMDI2MDkyMy4wIJJjKgBIAVAD&rclk=1","HIGH PRIORITY 🎯","New Lead"
"105","NEW DESHI AUTO REPAIR INC","Auto bodywork mechanic","1719 William St, Buffalo, NY 14206, United States","+1 (716) 563-8212","tel:+17165638212","5.0","0","NO WEBSITE (GOLDEN LEAD 🔥)","-","https://www.google.com/maps/place/NEW+DESHI+AUTO+REPAIR+INC/data=!4m7!3m6!1s0x89d30d6873369c43:0x184d08329c40dd9f!8m2!3d42.8845459!4d-78.8071092!16s%2Fg%2F11zchn_bh8!19sChIJQ5w2c2gN04kRn91AnDIITRg?authuser=0&hl=en&g_ep=EgoyMDI2MDkyMy4wIJJjKgBIAVAD&rclk=1","HIGH PRIORITY 🎯","New Lead"
"106","Just Fix It","Auto repair shop","1526 William St, Buffalo, NY 14206, United States","+1 (716) 587-2266","tel:+17165872266","4.9","0","NO WEBSITE (GOLDEN LEAD 🔥)","-","https://www.google.com/maps/place/Just+Fix+It/data=!4m7!3m6!1s0x89d30d5d688414a1:0xef4e214629fa0684!8m2!3d42.8851094!4d-78.8146608!16s%2Fg%2F11x33xzsnz!19sChIJoRSEaF0N04kRhAb6KUYhTu8?authuser=0&hl=en&g_ep=EgoyMDI2MDkyMy4wIJJjKgBIAVAD&rclk=1","HIGH PRIORITY 🎯","New Lead"
"107","C Banks Automotive Services","Auto repair shop","304 Herman St, Buffalo, NY 14211, United States","+1 (716) 602-4344","tel:+17166024344","4.7","0","NO WEBSITE (GOLDEN LEAD 🔥)","-","https://www.google.com/maps/place/C+Banks+Automotive+Services/data=!4m7!3m6!1s0x89d312875b5505ed:0xcb8c731a506af7a8!8m2!3d42.9005328!4d-78.8448384!16s%2Fg%2F1tqtbnm9!19sChIJ7QVVW4cS04kRqPdqUBpzjMs?authuser=0&hl=en&g_ep=EgoyMDI2MDkyMy4wIJJjKgBIAVAD&rclk=1","HIGH PRIORITY 🎯","New Lead"
"108","Max Auto Service","Auto repair shop","1871 Hertel Ave, Buffalo, NY 14214, United States","+1 (716) 836-0066","tel:+17168360066","4.2","0","NO WEBSITE (GOLDEN LEAD 🔥)","-","https://www.google.com/maps/place/Max+Auto+Service/data=!4m7!3m6!1s0x89d36d58025be6bf:0x75c31282f8350be!8m2!3d42.9472595!4d-78.8384988!16s%2Fg%2F1wt3pdjh!19sChIJv-ZbAlht04kRvlCDLygxXAc?authuser=0&hl=en&g_ep=EgoyMDI2MDkyMy4wIJJjKgBIAVAD&rclk=1","HIGH PRIORITY 🎯","New Lead"
"109","Hertel Auto Care","Mechanic","1261 Hertel Ave, Buffalo, NY 14216, United States","+1 (716) 381-8510","tel:+17163818510","3.9","0","NO WEBSITE (GOLDEN LEAD 🔥)","-","https://www.google.com/maps/place/Hertel+Auto+Care/data=!4m7!3m6!1s0x89d36d65c39b152b:0xfbc3cc5cac972784!8m2!3d42.9474606!4d-78.8613324!16s%2Fg%2F11fmbff5jp!19sChIJKxWbw2Vt04kRhCeXrFzMw_s?authuser=0&hl=en&g_ep=EgoyMDI2MDkyMy4wIJJjKgBIAVAD&rclk=1","HIGH PRIORITY 🎯","New Lead"
"110","Auto Stop Inc","Auto repair shop","7 Grant St, Buffalo, NY 14213, United States","+1 (716) 768-1490","tel:+17167681490","5.0","0","NO WEBSITE (GOLDEN LEAD 🔥)","-","https://www.google.com/maps/place/Auto+Stop+Inc/data=!4m7!3m6!1s0x89d3131b4e152aed:0x5590875f584938f3!8m2!3d42.91434!4d-78.8899958!16s%2Fg%2F1260n1zjg!19sChIJ7SoVThsT04kR8zhJWF-HkFU?authuser=0&hl=en&g_ep=EgoyMDI2MDkyMy4wIJJjKgBIAVAD&rclk=1","HIGH PRIORITY 🎯","New Lead"
"111","M&G AUTO SALES AND REPAIRS Inc.","Used car dealer","1054 Grant St, Buffalo, NY 14207, United States","+1 (716) 603-3432","tel:+17166033432","4.9","0","SOCIAL/DIRECTORY ONLY (GOLDEN LEAD 🔥)","https://www.facebook.com/profile.php?id=100090904083698&sk=about","https://www.google.com/maps/place/M%26G+AUTO+SALES+AND+REPAIRS+Inc./data=!4m7!3m6!1s0x89d3137b1c0cfec7:0xfde02dc495e77884!8m2!3d42.9406724!4d-78.8917567!16s%2Fg%2F11fghw6621!19sChIJx_4MHHsT04kRhHjnlcQt4P0?authuser=0&hl=en&g_ep=EgoyMDI2MDkyMy4wIJJjKgBIAVAD&rclk=1","HIGH PRIORITY 🎯","New Lead"
"112","Homers Automobile Services","Auto repair shop","420 Sycamore St, Buffalo, NY 14204, United States","+1 (716) 852-2160","tel:+17168522160","4.2","0","NO WEBSITE (GOLDEN LEAD 🔥)","-","https://www.google.com/maps/place/Homers+Automobile+Services/data=!4m7!3m6!1s0x89d31265db8f4c67:0x3000c3763939fd79!8m2!3d42.892798!4d-78.8550942!16s%2Fg%2F1tdmfw6r!19sChIJZ0yP22US04kRef05OXbDADA?authuser=0&hl=en&g_ep=EgoyMDI2MDkyMy4wIJJjKgBIAVAD&rclk=1","HIGH PRIORITY 🎯","New Lead"
"113","Jay Bee's","Auto repair shop","816 Genesee St, Buffalo, NY 14211, United States","+1 (716) 893-3378","tel:+17168933378","4.4","0","NO WEBSITE (GOLDEN LEAD 🔥)","-","https://www.google.com/maps/place/Jay+Bee%27s/data=!4m7!3m6!1s0x89d3127d76c3afdb:0x9704abd56c357549!8m2!3d42.8993661!4d-78.8469597!16s%2Fg%2F1wn34nb7!19sChIJ26_Ddn0S04kRSXU1bNWrBJc?authuser=0&hl=en&g_ep=EgoyMDI2MDkyMy4wIJJjKgBIAVAD&rclk=1","HIGH PRIORITY 🎯","New Lead"
"114","B K Automotive","Auto repair shop","127 Baynes St, Buffalo, NY 14213, United States","+1 (716) 882-4772","tel:+17168824772","2.0","0","NO WEBSITE (GOLDEN LEAD 🔥)","-","https://www.google.com/maps/place/B+K+Automotive/data=!4m7!3m6!1s0x89d3131e6e1f60e7:0xe59e470bf939971d!8m2!3d42.9189499!4d-78.8853825!16s%2Fg%2F1vhlz517!19sChIJ52Afbh4T04kRHZc5-QtHnuU?authuser=0&hl=en&g_ep=EgoyMDI2MDkyMy4wIJJjKgBIAVAD&rclk=1","HIGH PRIORITY 🎯","New Lead"
"115","L&K Auto Repair LLC","Auto repair shop","2246 Niagara St, Buffalo, NY 14207, United States","+1 (716) 507-6408","tel:+17165076408","4.6","0","NO WEBSITE (GOLDEN LEAD 🔥)","-","https://www.google.com/maps/place/L%26K+Auto+Repair+LLC/data=!4m7!3m6!1s0x89d36d68a599f823:0xdf126433f07ffbeb!8m2!3d42.9453872!4d-78.9079803!16s%2Fg%2F11gxmv2yp5!19sChIJI_iZpWht04kR6_t_8DNkEt8?authuser=0&hl=en&g_ep=EgoyMDI2MDkyMy4wIJJjKgBIAVAD&rclk=1","HIGH PRIORITY 🎯","New Lead"
"116","716 Auto & Tire Inc.","Auto repair shop","2028 Niagara St, Buffalo, NY 14207, United States","+1 (716) 381-8040","tel:+17163818040","4.7","0","NO WEBSITE (GOLDEN LEAD 🔥)","-","https://www.google.com/maps/place/716+Auto+%26+Tire+Inc./data=!4m7!3m6!1s0x89d3138f3bf86c2d:0xae6d753013719bb2!8m2!3d42.9392708!4d-78.9049349!16s%2Fg%2F11frt6dv5v!19sChIJLWz4O48T04kRsptxEzB1ba4?authuser=0&hl=en&g_ep=EgoyMDI2MDkyMy4wIJJjKgBIAVAD&rclk=1","HIGH PRIORITY 🎯","New Lead"
"117","E. Delavan Auto Sales & Repair","Auto repair shop","2010 Niagara St, Buffalo, NY 14207, United States","+1 (716) 698-8295","tel:+17166988295","4.5","0","NO WEBSITE (GOLDEN LEAD 🔥)","-","https://www.google.com/maps/place/E.+Delavan+Auto+Sales+%26+Repair/data=!4m7!3m6!1s0x89d3133672099a99:0xad4e36b6f0abbb0f!8m2!3d42.9386287!4d-78.9049951!16s%2Fg%2F1hc6xw31x!19sChIJmZoJcjYT04kRD7ur8LY2Tq0?authuser=0&hl=en&g_ep=EgoyMDI2MDkyMy4wIJJjKgBIAVAD&rclk=1","HIGH PRIORITY 🎯","New Lead"
"118","Cosuma Auto","Auto repair shop","1073 Niagara St, Buffalo, NY 14213, United States","+1 (716) 830-8181","tel:+17168308181","4.9","0","NO WEBSITE (GOLDEN LEAD 🔥)","-","https://www.google.com/maps/place/Cosuma+Auto/data=!4m7!3m6!1s0x89d3130e61f8aa1d:0x8bd1f8d5868c9234!8m2!3d42.9125029!4d-78.899478!16s%2Fg%2F11c6cxc7gj!19sChIJHar4YQ4T04kRNJKMhtX40Ys?authuser=0&hl=en&g_ep=EgoyMDI2MDkyMy4wIJJjKgBIAVAD&rclk=1","HIGH PRIORITY 🎯","New Lead"
"119","Hyman's Auto Service & Repair","Auto repair shop","571 Best St, Buffalo, NY 14208, United States","-","-","5.0","0","NO WEBSITE (GOLDEN LEAD 🔥)","-","https://www.google.com/maps/place/Hyman%27s+Auto+Service+%26+Repair/data=!4m7!3m6!1s0x89d31286f5998d2d:0x24d5d55c2fa7a4c1!8m2!3d42.9035148!4d-78.8466893!16s%2Fg%2F11h3mvyg1h!19sChIJLY2Z9YYS04kRwaSnL1zV1SQ?authuser=0&hl=en&g_ep=EgoyMDI2MDkyMy4wIJJjKgBIAVAD&rclk=1","HIGH PRIORITY 🎯","New Lead"
"120","Lubin Auto Repair","Auto repair shop","1300 Fillmore Ave, Buffalo, NY 14211, United States","+1 (716) 891-7504","tel:+17168917504","4.6","0","NO WEBSITE (GOLDEN LEAD 🔥)","-","https://www.google.com/maps/place/Lubin+Auto+Repair/data=!4m7!3m6!1s0x89d3129d4dbae385:0x29f308cde8dfc378!8m2!3d42.9090628!4d-78.8394543!16s%2Fg%2F1tgyxpqr!19sChIJheO6TZ0S04kReMPf6M0I8yk?authuser=0&hl=en&g_ep=EgoyMDI2MDkyMy4wIJJjKgBIAVAD&rclk=1","HIGH PRIORITY 🎯","New Lead"
"121","Elmwood Auto Care","Brake shop","324 Elmwood Ave, Buffalo, NY 14222, United States","+1 (716) 884-2878","tel:+17168842878","4.0","0","NO WEBSITE (GOLDEN LEAD 🔥)","-","https://www.google.com/maps/place/Elmwood+Auto+Care/data=!4m7!3m6!1s0x89d312f92b8bff93:0x46c755017457b6be!8m2!3d42.9058875!4d-78.8774972!16s%2Fg%2F1th1w0rx!19sChIJk_-LK_kS04kRvrZXdAFVx0Y?authuser=0&hl=en&g_ep=EgoyMDI2MDkyMy4wIJJjKgBIAVAD&rclk=1","HIGH PRIORITY 🎯","New Lead"
"122","Auto Club Garage Of Buffalo","Auto repair shop","466 Vermont St, Buffalo, NY 14213, United States","-","-","5.0","0","NO WEBSITE (GOLDEN LEAD 🔥)","-","https://www.google.com/maps/place/Auto+Club+Garage+Of+Buffalo/data=!4m7!3m6!1s0x89d312fd9d334995:0xbc8874bd7aacbb1a!8m2!3d42.9107741!4d-78.8828572!16s%2Fg%2F11t5x74qln!19sChIJlUkznf0S04kRGruser10iLw?authuser=0&hl=en&g_ep=EgoyMDI2MDkyMy4wIJJjKgBIAVAD&rclk=1","HIGH PRIORITY 🎯","New Lead"
"123","Medina’s Garage Inc","Auto repair shop","975 West Ave, Buffalo, NY 14213, United States","+1 (716) 510-5011","tel:+17165105011","4.7","0","NO WEBSITE (GOLDEN LEAD 🔥)","-","https://www.google.com/maps/place/Medina%E2%80%99s+Garage+Inc/data=!4m7!3m6!1s0x89d3138a0f7cc0c1:0xfab64c7e427673da!8m2!3d42.9168033!4d-78.8968985!16s%2Fg%2F11s7rb4gnh!19sChIJwcB8D4oT04kR2nN2Qn5Mtvo?authuser=0&hl=en&g_ep=EgoyMDI2MDkyMy4wIJJjKgBIAVAD&rclk=1","HIGH PRIORITY 🎯","New Lead"
