"No","Business Name","Category","Address","Phone","Owner / Key Contact","Primary DM / Outreach Channel","Facebook Page","Direct Messenger Link (m.me)","Instagram Profile","Yelp Profile","LinkedIn","Email Address","Google Maps URL","OSINT Intelligence Notes"
"1","Ray Brigham Concrete Construction","General contractor","760 Richfield St, Lockport, NY 14094, United States","+1 (716) 433-6613","Ray Brigham & Family","Phone (+1 716-433-6613)","-","-","-","-","-","-","https://www.google.com/maps/place/Ray+Brigham+Concrete+Construction/data=!4m7!3m6!1s0x89d37ece53bba4b9:0x1a9ed7b63e0106ab!8m2!3d43.1643375!4d-78.7157656!16s%2Fg%2F1tk23xvj!19sChIJuaS7U85-04kRqwYBPrbXnho?authuser=0&hl=en&g_ep=EgoyMDI2MDkyMy4wIJJjKgBIAVAD&rclk=1","Shares address (640-760 Richfield St) with Brigham Construction Supplies. Established local concrete contractor."
"2","Robert Miller Construction Inc","General contractor","6404 Robinson Rd, Lockport, NY 14094, United States","+1 (716) 434-8807","Glen Miller","Phone (+1 716-434-8807)","-","-","-","-","-","-","https://www.google.com/maps/place/Robert+Miller+Construction+Inc/data=!4m7!3m6!1s0x89d378ea56b01fe5:0x82cef7b9714aa4f4!8m2!3d43.1316173!4d-78.6815494!16s%2Fg%2F1tggbz5s!19sChIJ5R-wVup404kR9KRKcbn3zoI?authuser=0&hl=en&g_ep=EgoyMDI2MDkyMy4wIJJjKgBIAVAD&rclk=1","Founded 1961 by Robert K. Miller. Glen Miller is managing member."
"3","Customs Crews Inc","General contractor","6111 Old Niagara Rd, Lockport, NY 14094, United States","+1 (716) 434-6600","Family-Owned (Custom Crews)","Phone (+1 716-434-6600)","-","-","-","-","-","-","https://www.google.com/maps/place/Customs+Crews+Inc/data=!4m7!3m6!1s0x89d37e5537800529:0x9bda570527d7c853!8m2!3d43.1941713!4d-78.7027525!16s%2Fg%2F1tpn3k7x!19sChIJKQWAN1V-04kRU8jXJwVX2ps?authuser=0&hl=en&g_ep=EgoyMDI2MDkyMy4wIJJjKgBIAVAD&rclk=1","Operating since 1970. Specialized in fiber optic, copper, and conduit infrastructure."
"4","Benedict's Contracting","Contractor","50 Exchange St, Lockport, NY 14094, United States","+1 (716) 308-6887","Jason Benedict","Facebook Messenger (m.me/1566681676962642)","https://www.facebook.com/Benedicts-plumbing-1566681676962642/","https://m.me/1566681676962642","-","-","-","-","https://www.google.com/maps/place/Benedict%27s+Contracting/data=!4m7!3m6!1s0x89d37f6a2a5b1649:0xf50c0ee0a5f5d257!8m2!3d43.1729621!4d-78.674057!16s%2Fg%2F11c2j37h7n!19sChIJSRZbKmp_04kRV9L1peAODPU?authuser=0&hl=en&g_ep=EgoyMDI2MDkyMy4wIJJjKgBIAVAD&rclk=1","Owner Jason Benedict actively communicates on Facebook. Full plumbing and contracting service."
"5","Lockport Enterprises","Dry wall contractor","256 Chestnut St, Lockport, NY 14094, United States","+1 (716) 308-8229","Scott L. Walters","Phone (+1 716-308-8229)","-","-","-","-","-","-","https://www.google.com/maps/place/Lockport+Enterprises/data=!4m7!3m6!1s0x89d37f14c305ffff:0xc1e044433923ae0b!8m2!3d43.1745296!4d-78.6807887!16s%2Fg%2F1wj_v7sg!19sChIJ__8FwxR_04kRC64jOUNE4ME?authuser=0&hl=en&g_ep=EgoyMDI2MDkyMy4wIJJjKgBIAVAD&rclk=1","Drywall contractor located at 256 Chestnut St."
"6","Sparks Custom Homes","General contractor","6862 Akron Rd, Lockport, NY 14094, United States","+1 (716) 589-7566","Jim & David Sparks","Phone (+1 716-589-7566)","-","-","-","-","-","-","https://www.google.com/maps/place/Sparks+Custom+Homes/data=!4m7!3m6!1s0x89d381fe2713696b:0x2bcd9dfd30ca9fd9!8m2!3d43.1533107!4d-78.6568152!16s%2Fg%2F1vhkljld!19sChIJa2kTJ_6B04kR2Z_KMP2dzSs?authuser=0&hl=en&g_ep=EgoyMDI2MDkyMy4wIJJjKgBIAVAD&rclk=1","High-ticket custom home developers in Lockport since 2002 (James Francis & Clarkview Estates)."
"7","Brigham Construction Supplies","General contractor","640 Richfield St, Lockport, NY 14094, United States","+1 (716) 439-9078","Brigham Family","Phone (+1 716-439-9078)","-","-","-","-","-","-","https://www.google.com/maps/place/Brigham+Construction+Supplies/data=!4m7!3m6!1s0x89d37ece53bba4b9:0xc28016ac407d3367!8m2!3d43.1643998!4d-78.7151149!16s%2Fg%2F1vg6vqhr!19sChIJuaS7U85-04kRZzN9QKwWgMI?authuser=0&hl=en&g_ep=EgoyMDI2MDkyMy4wIJJjKgBIAVAD&rclk=1","Retail construction supplies store affiliated with Ray Brigham Concrete."
"8","Clack Drywall","Dry wall contractor","6002 Ridge Rd, Lockport, NY 14094, United States","+1 (716) 434-7422","Clack Family","Phone (+1 716-434-7422)","-","-","-","-","-","-","https://www.google.com/maps/place/Clack+Drywall/data=!4m7!3m6!1s0x89d37e30bdf820b1:0xbf3a6569261f2259!8m2!3d43.2189787!4d-78.7126448!16s%2Fg%2F1tff8lm8!19sChIJsSD4vTB-04kRWSIfJmllOr8?authuser=0&hl=en&g_ep=EgoyMDI2MDkyMy4wIJJjKgBIAVAD&rclk=1","Local drywall contractor on Ridge Rd."
"9","Hildreth Electric","Contractor","5427 Crown Dr, Lockport, NY 14094, United States","+1 (716) 439-0518","Thomas Hildreth","LinkedIn / Phone (+1 716-439-0518)","-","-","-","-","https://www.linkedin.com/company/hildreth-electric","-","https://www.google.com/maps/place/Hildreth+Electric/data=!4m7!3m6!1s0x89d37c02ac729f4b:0xbe8f2b9ac52e7fbf!8m2!3d43.1683585!4d-78.7478379!16s%2Fg%2F1tfn3qrn!19sChIJS59yrAJ804kRv38uxZorj74?authuser=0&hl=en&g_ep=EgoyMDI2MDkyMy4wIJJjKgBIAVAD&rclk=1","Founded 1989. Major local electrical contractor, now affiliated with KBW Group."
"10","American Concrete","Ready mix concrete supplier","500 Richfield St, Lockport, NY 14094, United States","+1 (716) 433-7915","-","Phone (+1 716-433-7915)","-","-","-","-","-","-","https://www.google.com/maps/place/American+Concrete/data=!4m7!3m6!1s0x89d37ece4f2c4d15:0xb6864432f837a509!8m2!3d43.1651344!4d-78.7154088!16s%2Fg%2F1tfz12l0!19sChIJFU0sT85-04kRCaU3-DJEhrY?authuser=0&hl=en&g_ep=EgoyMDI2MDkyMy4wIJJjKgBIAVAD&rclk=1","Ready mix concrete supply yard on Richfield St."
"11","electrical solutions","Electrician","4761 Cold Springs Rd, Lockport, NY 14094, United States","+1 (716) 513-6830","Independent Master Electrician","Phone (+1 716-513-6830) / Facebook","https://www.facebook.com/search/top/?q=Electrical%20Solutions%20Lockport%20NY","-","-","-","-","-","https://www.google.com/maps/place/electrical+solutions/data=!4m7!3m6!1s0x89d37ff1973b6581:0x159487ce073d608c!8m2!3d43.1855904!4d-78.6642067!16s%2Fg%2F11qrkj36bg!19sChIJgWU7l_F_04kRjGA9B86HlBU?authuser=0&hl=en&g_ep=EgoyMDI2MDkyMy4wIJJjKgBIAVAD&rclk=1","Accepts digital inquiries via Thumbtack & Facebook."
"12","FH Land Services","Landscaper","26 Bewley Pkwy, Lockport, NY 14094, United States","+1 (716) 523-8341","Steve Frazer & John Hollingsworth","Facebook Messenger (m.me/FHLandServices)","https://www.facebook.com/FHLandServices","https://m.me/FHLandServices","-","-","-","-","https://www.google.com/maps/place/FH+Land+Services/data=!4m7!3m6!1s0x89d37f2494a05d19:0x562a8224fe289d80!8m2!3d43.1766557!4d-78.6753487!16s%2Fg%2F11s4t7tv71!19sChIJGV2glCR_04kRgJ0o_iSCKlY?authuser=0&hl=en&g_ep=EgoyMDI2MDkyMy4wIJJjKgBIAVAD&rclk=1","Steve Frazer actively posts in Lockport community groups. Direct mobile: (716) 523-8341 / (585) 447-8083."
"13","Housing Visions Construction Co Inc","Construction company","7 South St, Lockport, NY 14094, United States","+1 (716) 433-4213","Housing Visions Unlimited (Non-Profit)","SKIP (Non-Profit Affordable Housing Agency)","https://www.facebook.com/HousingVisions/","-","-","-","https://www.linkedin.com/company/housing-visions","info@housingvisions.org","https://www.google.com/maps/place/Housing+Visions+Construction+Co+Inc/data=!4m7!3m6!1s0x89d37f23517bbceb:0x37fc6f32a6dfb7ab!8m2!3d43.1680268!4d-78.6913105!16s%2Fg%2F12615xbdm!19sChIJ67x7USN_04kRq7ffpjJv_Dc?authuser=0&hl=en&g_ep=EgoyMDI2MDkyMy4wIJJjKgBIAVAD&rclk=1","Non-profit housing development org based in Syracuse. Not a standard local commercial lead."
"14","Powell's Heating & Cooling","HVAC contractor","Lockport, NY","+1 (716) 417-6686","Powell Family","Phone (+1 716-417-6686)","https://www.facebook.com/search/top/?q=Powell%27s%20Heating%20Cooling%20Lockport","-","-","-","-","-","https://www.google.com/maps/place/Powell%27s+Heating+%26+Cooling/data=!4m7!3m6!1s0x89d37f1561ad570b:0x95193dec351b21c0!8m2!3d43.0345724!4d-78.6522944!16s%2Fg%2F11f660sypw!19sChIJC1etYRV_04kRwCEbNew9GZU?authuser=0&hl=en&g_ep=EgoyMDI2MDkyMy4wIJJjKgBIAVAD&rclk=1","Family-owned HVAC company located on 210 Walnut St, Lockport. BBB accredited."
"15","Zach's Garage Door Service","Garage door supplier","104 Grant St, Lockport, NY 14094, United States","+1 (716) 438-6805","Zach Bohlman","Facebook / Phone (+1 716-438-6805)","https://www.facebook.com/search/top/?q=Zach%27s%20Garage%20Door%20Service%20Lockport","-","-","-","-","-","https://www.google.com/maps/place/Zach%27s+Garage+Door+Service/data=!4m7!3m6!1s0x89d37f383ab038d7:0xabfe296583aceb2e!8m2!3d43.1626678!4d-78.6816758!16s%2Fg%2F11f120n1ry!19sChIJ1ziwOjh_04kRLuusg2Up_qs?authuser=0&hl=en&g_ep=EgoyMDI2MDkyMy4wIJJjKgBIAVAD&rclk=1","Owner Zach Bohlman actively posts customer testimonials in Niagara community groups. Over 118 reviews."
"16","Haley Automotive Inc","Auto repair shop","100 Market St, Lockport, NY 14094, United States","+1 (716) 433-3900","Haley Family","Phone (+1 716-433-3900)","-","-","-","-","-","-","https://www.google.com/maps/place/Haley+Automotive+Inc/data=!4m7!3m6!1s0x89d37f17c370f939:0x3ece98a55121415f!8m2!3d43.1730972!4d-78.6891798!16s%2Fg%2F1tfr1dqf!19sChIJOflwwxd_04kRX0EhUaWYzj4?authuser=0&hl=en&g_ep=EgoyMDI2MDkyMy4wIJJjKgBIAVAD&rclk=1","Independent mechanic shop on 100 Market St."
"17","Sunshine Auto Sales and Service","Auto repair shop","32 S Niagara St, Lockport, NY 14094, United States","+1 (716) 799-3695","Sunshine Auto LLC Management","Phone (+1 716-799-3695)","-","-","-","-","-","-","https://www.google.com/maps/place/Sunshine+Auto+Sales+and+Service/data=!4m7!3m6!1s0x89d37fc524d97541:0x5fd9e8051033e34d!8m2!3d43.1701064!4d-78.7072652!16s%2Fg%2F11fmbk8clc!19sChIJQXXZJMV_04kRTeMzEAXo2V8?authuser=0&hl=en&g_ep=EgoyMDI2MDkyMy4wIJJjKgBIAVAD&rclk=1","NAPA Auto Care center at 32 S Niagara St."
"18","Lincoln Car Care","Auto repair shop","6628 Lincoln Ave, Lockport, NY 14094, United States","+1 (716) 433-2000","Tim (Master Mechanic)","Phone (+1 716-433-2000) / Facebook","https://www.facebook.com/search/top/?q=Lincoln%20Car%20Care%20Lockport%20NY","-","-","-","-","-","https://www.google.com/maps/place/Lincoln+Car+Care/data=!4m7!3m6!1s0x89d37f5483cd64e5:0x13064768e23934c0!8m2!3d43.1526748!4d-78.6624426!16s%2Fg%2F1v0lls1_!19sChIJ5WTNg1R_04kRwDQ54mhHBhM?authuser=0&hl=en&g_ep=EgoyMDI2MDkyMy4wIJJjKgBIAVAD&rclk=1","Beloved neighborhood shop. Highly praised for honesty ('Tim & his crew')."
"19","Doug's Unique Auto","Auto body shop","435 Park Ave, Lockport, NY 14094, United States","+1 (716) 439-4483","Doug","Phone (+1 716-439-4483)","-","-","-","-","-","-","https://www.google.com/maps/place/Doug%27s+Unique+Auto/data=!4m7!3m6!1s0x89d37ec52255270f:0xc96df9db19785461!8m2!3d43.1672917!4d-78.7149106!16s%2Fg%2F1tfxhp1b!19sChIJDydVIsV-04kRYVR4Gdv5bck?authuser=0&hl=en&g_ep=EgoyMDI2MDkyMy4wIJJjKgBIAVAD&rclk=1","Auto body shop at 435 Park Ave (shared automotive bay)."
"20","Hunt Automotive","Auto repair shop","189 Van Buren St, Lockport, NY 14094, United States","+1 (716) 434-2333","Dan Hunt & Ryan Hunt","Direct Cell (Dan: 716-983-7615 / Ryan: 716-280-1788)","https://www.facebook.com/search/top/?q=Dan%20Hunt%20Automotive%20Lockport","-","-","-","-","-","https://www.google.com/maps/place/Hunt+Automotive/data=!4m7!3m6!1s0x89d37f12995ab669:0xf993e389d9535642!8m2!3d43.1808781!4d-78.6809934!16s%2Fg%2F1vtqx29p!19sChIJabZamRJ_04kRQlZT2Ynjk_k?authuser=0&hl=en&g_ep=EgoyMDI2MDkyMy4wIJJjKgBIAVAD&rclk=1","GOLDEN LEAD: Direct owner cell phones available. Shop: (716) 434-2333. NYS Inspection station."
"21","Herman's Auto Repair","Auto repair shop","169 N Transit St, Lockport, NY 14094, United States","+1 (716) 433-7190","Austin Herman","Phone (+1 716-433-7190) / Facebook","https://www.facebook.com/search/top/?q=Herman%27s%20Auto%20Repair%20Lockport","-","-","-","-","-","https://www.google.com/maps/place/Herman%27s+Auto+Repair/data=!4m7!3m6!1s0x89d37f21fe17ff2f:0x12455bd3a8a1f06e!8m2!3d43.1888673!4d-78.6970607!16s%2Fg%2F12644t424!19sChIJL_8X_iF_04kRbvChqNNbRRI?authuser=0&hl=en&g_ep=EgoyMDI2MDkyMy4wIJJjKgBIAVAD&rclk=1","Independent repair shop at 169 N Transit St."
"22","104 Auto & Truck Services","Auto repair shop","5281 Ridge Rd, Lockport, NY 14094, United States","+1 (716) 434-8926","Independent Operator","Phone (+1 716-434-8926)","-","-","-","-","-","-","https://www.google.com/maps/place/104+Auto+%26+Truck+Services/data=!4m7!3m6!1s0x89d37ddded17780f:0xf1f078271c5907d3!8m2!3d43.2167991!4d-78.7542392!16s%2Fg%2F1td2_fpt!19sChIJD3gX7d1904kR0wdZHCd48PE?authuser=0&hl=en&g_ep=EgoyMDI2MDkyMy4wIJJjKgBIAVAD&rclk=1","Auto & truck service in business since 1987 on Ridge Rd."
"23","Mel's Service","Auto repair shop","616 West Ave, Lockport, NY 14094, United States","+1 (716) 433-8401","Mel","Phone (+1 716-433-8401)","-","-","-","-","-","-","https://www.google.com/maps/place/Mel%27s+Service/data=!4m7!3m6!1s0x89d37ecf373b1635:0xed4a38a8c9444ad8!8m2!3d43.16405!4d-78.7189!16s%2Fg%2F1tfc7lr3!19sChIJNRY7N89-04kR2EpEyag4Su0?authuser=0&hl=en&g_ep=EgoyMDI2MDkyMy4wIJJjKgBIAVAD&rclk=1","NYS vehicle inspection station and general mechanic on 616 West Ave."
"24","Davis Automotive","Auto repair shop","6099 Robinson Rd, Lockport, NY 14094, United States","+1 (716) 210-3342","Dennis","Phone (+1 716-210-3342)","https://www.facebook.com/search/top/?q=Davis%20Automotive%20Lockport%20NY","-","-","-","-","-","https://www.google.com/maps/place/Davis+Automotive/data=!4m7!3m6!1s0x89d378e02bf20c67:0xd35e97cdcb7178ab!8m2!3d43.1329637!4d-78.7018813!16s%2Fg%2F11bvt56y86!19sChIJZwzyK-B404kRq3hxy82XXtM?authuser=0&hl=en&g_ep=EgoyMDI2MDkyMy4wIJJjKgBIAVAD&rclk=1","In business over 15 years on 6099 Robinson Rd. Owner Dennis praised for customer care."
"25","West Ave Auto","Mechanic","450 West Ave, Lockport, NY 14094, United States","-","West Ave Auto Operator","In-Person Visit (450 West Ave)","-","-","-","-","-","-","https://www.google.com/maps/place/West+Ave+Auto/data=!4m7!3m6!1s0x89d37edac01c31b5:0xc1bd0b2e2a7c0c2c!8m2!3d43.1663139!4d-78.7121597!16s%2Fg%2F11f3tt9rwb!19sChIJtTEcwNp-04kRLAx8Ki4LvcE?authuser=0&hl=en&g_ep=EgoyMDI2MDkyMy4wIJJjKgBIAVAD&rclk=1","Small local repair garage. No public phone listed."
"26","Gothard Auto Wrecking","Tire shop","7264 Akron Rd, Lockport, NY 14094, United States","+1 (716) 439-9037","Gothard Family (Owner-Operated)","Phone (+1 716-439-9037)","https://www.facebook.com/search/top/?q=Gothard%20Auto%20Wrecking%20Lockport","-","-","-","-","-","https://www.google.com/maps/place/Gothard+Auto+Wrecking/data=!4m7!3m6!1s0x89d3822209a8a81d:0x1b086c6828561a9d!8m2!3d43.1420753!4d-78.6340411!16s%2Fg%2F1tjdmqy0!19sChIJHaioCSKC04kRnRpWKGhsCBs?authuser=0&hl=en&g_ep=EgoyMDI2MDkyMy4wIJJjKgBIAVAD&rclk=1","Emphasizes 'deal directly with an owner' on 7264 Akron Rd."
"27","SH Auto Sale Inc","Auto repair shop","205 Washburn St, Lockport, NY 14094, United States","+1 (716) 817-4441","S.H. Auto Management","Phone (+1 716-817-4441)","-","-","-","-","-","-","https://www.google.com/maps/place/SH+Auto+Sale+Inc/data=!4m7!3m6!1s0x89d37fb3eb3963e1:0xf183c01eb788ecca!8m2!3d43.1688657!4d-78.6857201!16s%2Fg%2F11w7t2c0pq!19sChIJ4WM567N_04kRyuyItx7Ag_E?authuser=0&hl=en&g_ep=EgoyMDI2MDkyMy4wIJJjKgBIAVAD&rclk=1","Perfect 5.0 rating on Google Maps with reliable repair services at 205 Washburn St."
"28","Dayfert's Truck & Auto Repair","Truck repair shop","5596 Murphy Rd, Lockport, NY 14094, United States","+1 (716) 625-9046","Kevin","Facebook Messenger / Cell (+1 716-570-4452)","https://www.facebook.com/profile.php?id=100067071229894","https://m.me/100067071229894","-","-","-","-","https://www.google.com/maps/place/Dayfert%27s+Truck+%26+Auto+Repair/data=!4m7!3m6!1s0x89d37969f6fe724d:0xfe7d511f3db1df81!8m2!3d43.137459!4d-78.730813!16s%2Fg%2F1td_64wj!19sChIJTXL-9ml504kRgd-xPR9Rff4?authuser=0&hl=en&g_ep=EgoyMDI2MDkyMy4wIJJjKgBIAVAD&rclk=1","Contact Kevin. Truck & auto repair + U-Haul dealer at 5596 Murphy Rd. Shop: (716) 433-5805."
"29","Cole Muffler","Muffler shop","250 S Transit St, Lockport, NY 14094, United States","+1 (716) 433-1328","Mavis Tires & Brakes (Corporate)","SKIP (Corporate Chain Acquired)","-","-","-","-","-","-","https://www.google.com/maps/place/Cole+Muffler/data=!4m7!3m6!1s0x89d37f2ed33915ab:0x241457452b54010c!8m2!3d43.1608342!4d-78.6965215!16s%2Fg%2F1tfcp9zm!19sChIJqxU50y5_04kRDAFUK0VXFCQ?authuser=0&hl=en&g_ep=EgoyMDI2MDkyMy4wIJJjKgBIAVAD&rclk=1","Former Cole Muffler now converted into corporate chain Mavis Discount Tire network."
"30","Pats express lube","Auto repair shop","40 S Niagara St, Lockport, NY 14094, United States","+1 (716) 251-4275","Pat","Phone (+1 716-251-4275)","-","-","-","-","-","-","https://www.google.com/maps/place/Pats+express+lube/data=!4m7!3m6!1s0x89d37f7c0c732779:0x74f1a1354b015d2!8m2!3d43.1699764!4d-78.7078675!16s%2Fg%2F11q94zs537!19sChIJeSdzDHx_04kR0hWwVBMaTwc?authuser=0&hl=en&g_ep=EgoyMDI2MDkyMy4wIJJjKgBIAVAD&rclk=1","Express lube and quick oil change shop at 40 S Niagara St."
"31","Frank's Advanced Auto","Mechanic","435 Park Ave, Lockport, NY 14094, United States","+1 (716) 523-5691","Frank","Phone (+1 716-523-5691)","-","-","-","-","-","-","https://www.google.com/maps/place/Frank%27s+Advanced+Auto/data=!4m7!3m6!1s0x89d37ff3b45eb7d3:0x1d58608e95066ae5!8m2!3d43.1673456!4d-78.7149656!16s%2Fg%2F11vc6cyy49!19sChIJ07detPN_04kR5WoGlY5gWB0?authuser=0&hl=en&g_ep=EgoyMDI2MDkyMy4wIJJjKgBIAVAD&rclk=1","Independent mechanic at 435 Park Ave."
"32","Dahlquist Automotive","Auto repair shop","6850 Akron Rd, Lockport, NY 14094, United States","+1 (716) 434-5286","Dahlquist Family","Phone (+1 716-434-5286)","-","-","-","-","-","-","https://www.google.com/maps/place/Dahlquist+Automotive/data=!4m7!3m6!1s0x89d37f55f75fe451:0xb6dd47c8dbb125b5!8m2!3d43.1539726!4d-78.6573152!16s%2Fg%2F1w9y21zr!19sChIJUeRf91V_04kRtSWx28hH3bY?authuser=0&hl=en&g_ep=EgoyMDI2MDkyMy4wIJJjKgBIAVAD&rclk=1","Local auto repair shop at 6850 Akron Rd."
"33","S&S Fleet Solutions, Inc.","Truck repair shop","801 Richfield St Building C, Lockport, NY 14094, United States","+1 (716) 438-3780","S&S Fleet Management","Phone (+1 716-438-3780) / Facebook","https://www.facebook.com/search/top/?q=S%26S%20Fleet%20Solutions%20Lockport","-","-","-","-","-","https://www.google.com/maps/place/S%26S+Fleet+Solutions,+Inc./data=!4m7!3m6!1s0x89d37ece5a4c6d11:0x3862253917cf81f0!8m2!3d43.1615753!4d-78.7189025!16s%2Fg%2F11ggzmkccg!19sChIJEW1MWs5-04kR8IHPFzklYjg?authuser=0&hl=en&g_ep=EgoyMDI2MDkyMy4wIJJjKgBIAVAD&rclk=1","Top diesel and commercial fleet repair shop in Niagara County. NAPA Auto Care."
"34","Reber Tire","Tire shop","330 West Ave, Lockport, NY 14094, United States","+1 (716) 433-2615","Property Listed for Sale","SKIP (Building Vacant for Sale)","-","-","-","-","-","-","https://www.google.com/maps/place/Reber+Tire/data=!4m7!3m6!1s0x89d37ed980091f81:0xc330054f3807a115!8m2!3d43.166899!4d-78.707906!16s%2Fg%2F1tmqsbst!19sChIJgR8JgNl-04kRFaEHOE8FMMM?authuser=0&hl=en&g_ep=EgoyMDI2MDkyMy4wIJJjKgBIAVAD&rclk=1","330 West Ave is currently listed as a vacant auto retail building for sale on LoopNet."
"35","Pete's Collision Inc","Auto body shop","49 Washburn St, Lockport, NY 14094, United States","+1 (716) 434-3572","Pete (Manager: Vern)","Facebook / Phone (+1 716-434-3572)","https://www.facebook.com/search/top/?q=Pete%27s%20Collision%20Lockport%20NY","-","-","https://www.yelp.com/biz/petes-collision-lockport","-","-","https://www.google.com/maps/place/Pete%27s+Collision+Inc/data=!4m7!3m6!1s0x89d37f167297381d:0x92d1208aa0358404!8m2!3d43.1733036!4d-78.685926!16s%2Fg%2F1tfqb67x!19sChIJHTiXchZ_04kRBIQ1oIog0ZI?authuser=0&hl=en&g_ep=EgoyMDI2MDkyMy4wIJJjKgBIAVAD&rclk=1","4.7 stars on 61 reviews. Vern is highly praised by customers in community groups."
"36","The Car Place Lockport","Used car dealer","112 W Genesee St Geology and Engineering, Lockport, NY 14094, United States","+1 (716) 433-4444","Michael Daddeo","Phone (+1 716-433-4444)","-","-","-","-","-","-","https://www.google.com/maps/place/The+Car+Place+Lockport/data=!4m7!3m6!1s0x89d37edea70ebab9:0xcbde8ea841624c46!8m2!3d43.1673595!4d-78.6984462!16s%2Fg%2F1tctsnm3!19sChIJuboOp95-04kRRkxiQaiO3ss?authuser=0&hl=en&g_ep=EgoyMDI2MDkyMy4wIJJjKgBIAVAD&rclk=1","Owner Michael Daddeo. Independent auto sales and repair on 112 W Genesee St."
"37","Comtruck Repair","Truck repair shop","6310 S Transit Rd, Lockport, NY 14094, United States","+1 (716) 625-8434","Comtruck Fleet Management","Phone (+1 716-625-8434)","-","-","-","-","-","-","https://www.google.com/maps/place/Comtruck+Repair/data=!4m7!3m6!1s0x89d379b7dc0ca765:0x5581663d9abe244d!8m2!3d43.1217111!4d-78.6982381!16s%2Fg%2F11stjhy3m3!19sChIJZacM3Ld504kRTSS-mj1mgVU?authuser=0&hl=en&g_ep=EgoyMDI2MDkyMy4wIJJjKgBIAVAD&rclk=1","Commercial truck repair facility on 6310 S Transit Rd."
"38","Jp Madison Hair Technology","Hair salon","241 S Transit St, Lockport, NY 14094, United States","+1 (716) 433-2240","JP Madison Management","Facebook Messenger (m.me/JPMadisonHair)","https://www.facebook.com/JPMadisonHair","https://m.me/JPMadisonHair","-","-","-","-","https://www.google.com/maps/place/Jp+Madison+Hair+Technology/data=!4m7!3m6!1s0x89d37f3cd89a73cf:0xd1e94b6242c4d680!8m2!3d43.1609881!4d-78.6971582!16s%2Fg%2F1vp704w9!19sChIJz3Oa2Dx_04kRgNbEQmJL6dE?authuser=0&hl=en&g_ep=EgoyMDI2MDkyMy4wIJJjKgBIAVAD&rclk=1","Active Facebook page 'Jp Madison Hair'. Hair styling & technology at 241 S Transit St."
"39","Blue Door Salon","Beauty salon","5549 Davison Rd, Lockport, NY 14094, United States","-","Stylist Evan","Facebook Messenger (m.me/BlueDoorSalon)","https://www.facebook.com/BlueDoorSalon/","https://m.me/BlueDoorSalon","-","-","-","-","https://www.google.com/maps/place/Blue+Door+Salon/data=!4m7!3m6!1s0x89d37f232ba0b92f:0x1f7fb3f9bc3d979b!8m2!3d43.1523476!4d-78.6649742!16s%2Fg%2F11bz0km8q_!19sChIJL7mgKyN_04kRm5c9vPmzfx8?authuser=0&hl=en&g_ep=EgoyMDI2MDkyMy4wIJJjKgBIAVAD&rclk=1","Active salon page on Davison Rd. Stylist Evan highlighted in community."
"40","Mia Bella’s Hair Salon","Hair salon","329 East Ave, Lockport, NY 14094, United States","+1 (716) 395-6352","Amanda Gorko","Phone (+1 716-395-6352) / Facebook","https://www.facebook.com/search/top/?q=Mia%20Bella%E2%80%99s%20Hair%20Salon%20Lockport","-","-","-","-","-","https://www.google.com/maps/place/Mia+Bella%E2%80%99s+Hair+Salon/data=!4m7!3m6!1s0x89d37f276bd762d3:0xf7c370fc0a9775fe!8m2!3d43.1744367!4d-78.6773152!16s%2Fg%2F11w7jf9k5w!19sChIJ02LXayd_04kR_nWXCvxww_c?authuser=0&hl=en&g_ep=EgoyMDI2MDkyMy4wIJJjKgBIAVAD&rclk=1","GOLDEN LEAD: Owner Amanda Gorko verified via Lockport City official records. 329 East Ave."
"41","Salon Life 716","Beauty salon","80 Main St Ste b, Lockport, NY 14094, United States","-","Salon Life Management","Facebook Page Message","https://www.facebook.com/search/top/?q=Salon%20Life%20716%20Lockport","-","-","-","-","-","https://www.google.com/maps/place/Salon+Life+716/data=!4m7!3m6!1s0x89d37f13e4035ea9:0x33ff30def51f13cb!8m2!3d43.1700274!4d-78.6909706!16s%2Fg%2F11ghds781z!19sChIJqV4D5BN_04kRyxMf9d4w_zM?authuser=0&hl=en&g_ep=EgoyMDI2MDkyMy4wIJJjKgBIAVAD&rclk=1","Salon suite located at 80 Main St Ste B, Lockport."
"42","Hairs To You","Beauty salon","5679 S Transit Rd, Lockport, NY 14094, United States","+1 (716) 434-9385","Lisa Lewandowski","Phone (+1 716-434-9385) / Facebook","https://www.facebook.com/search/top/?q=Hairs%20To%20You%20Lockport%20NY","-","-","-","-","-","https://www.google.com/maps/place/Hairs+To+You/data=!4m7!3m6!1s0x89d37f3d3ac38a79:0x987e7446a2098ab1!8m2!3d43.1497944!4d-78.6959548!16s%2Fg%2F1tg5w0zj!19sChIJeYrDOj1_04kRsYoJokZ0fpg?authuser=0&hl=en&g_ep=EgoyMDI2MDkyMy4wIJJjKgBIAVAD&rclk=1","GOLDEN LEAD: Owner Lisa Lewandowski confirmed. Located on 5679 S Transit Rd next to UPS store."
"43","Capelli Salon","Nail salon","411 West Ave, Lockport, NY 14094, United States","+1 (716) 433-3898","Capelli Management","Phone (+1 716-433-3898)","-","-","-","-","-","-","https://www.google.com/maps/place/Capelli+Salon/data=!4m7!3m6!1s0x89d37eda55ac86c7:0xd475a36b60dd0d1f!8m2!3d43.1670043!4d-78.7106429!16s%2Fg%2F1tp287lt!19sChIJx4asVdp-04kRHw3dYGujddQ?authuser=0&hl=en&g_ep=EgoyMDI2MDkyMy4wIJJjKgBIAVAD&rclk=1","Independent salon at 411 West Ave."
"44","Truly Organic Hair Studio","Hair salon","425 Davison Rd, Lockport, NY 14094, United States","+1 (716) 957-8317","Hayley Baes","Facebook Messenger / GlossGenius","https://www.facebook.com/TrulyOrganicHairStudio","https://m.me/TrulyOrganicHairStudio","https://www.instagram.com/explore/tags/trulyorganichairstudio/","-","-","-","https://www.google.com/maps/place/Truly+Organic+Hair+Studio/data=!4m7!3m6!1s0x89d37fedae5d0fb3:0xd95ae3d3871edf80!8m2!3d43.1666625!4d-78.6656318!16s%2Fg%2F11rc8d3mvt!19sChIJsw9dru1_04kRgN8eh9PjWtk?authuser=0&hl=en&g_ep=EgoyMDI2MDkyMy4wIJJjKgBIAVAD&rclk=1","GOLDEN LEAD: Stylist/Owner Hayley Baes. Direct cell: (716) 638-7715. Eco-friendly organic hair studio."
"45","The Glossary Hair & Co.","Hair salon","4 Lock St L2, Lockport, NY 14094, United States","-","The Glossary Hair Team","Instagram DM (@the.glossary.hair.co)","https://www.facebook.com/search/top/?q=The%20Glossary%20Hair%20%26%20Co.","-","https://www.instagram.com/the.glossary.hair.co/","-","-","-","https://www.google.com/maps/place/The+Glossary+Hair+%26+Co./data=!4m7!3m6!1s0x89d37f001e77c83f:0xc58afe8d1d92dd22!8m2!3d43.1714065!4d-78.6933609!16s%2Fg%2F11w933ckfp!19sChIJP8h3HgB_04kRIt2SHY3-isU?authuser=0&hl=en&g_ep=EgoyMDI2MDkyMy4wIJJjKgBIAVAD&rclk=1","GOLDEN LEAD: Active official Instagram (@the.glossary.hair.co) specializing in blonding & dimensional color."
"46","Bob's Barber Shop","Barber shop","368 East Ave, Lockport, NY 14094, United States","+1 (716) 434-5650","Bob","Phone (+1 716-434-5650)","-","-","-","-","-","-","https://www.google.com/maps/place/Bob%27s+Barber+Shop/data=!4m7!3m6!1s0x89d37f6bbeb65fb5:0x21f3f25e300d7cab!8m2!3d43.17441!4d-78.6757085!16s%2Fg%2F1tdwlhb4!19sChIJtV-2vmt_04kRq3wNMF7y8yE?authuser=0&hl=en&g_ep=EgoyMDI2MDkyMy4wIJJjKgBIAVAD&rclk=1","Traditional local barber shop on 368 East Ave. Sponsor of youth sports."
"47","Sanitary Barbershop","Barber shop","151 West Ave, Lockport, NY 14094, United States","+1 (716) 433-3475","Sanitary Barber Team","Phone (+1 716-433-3475)","-","-","-","-","-","-","https://www.google.com/maps/place/Sanitary+Barbershop/data=!4m7!3m6!1s0x89d37f2748a04497:0xa40919100832826!8m2!3d43.1680549!4d-78.7010567!16s%2Fg%2F11bysjzssh!19sChIJl0SgSCd_04kRJiiDAJGRQAo?authuser=0&hl=en&g_ep=EgoyMDI2MDkyMy4wIJJjKgBIAVAD&rclk=1","Neighborhood barber on 151 West Ave."
"48","Sandy's Barber Stylist For Men","Barber shop","241 S Transit St, Lockport, NY 14094, United States","+1 (716) 434-3333","Sandy","Phone (+1 716-434-3333) / Yelp","https://www.facebook.com/groups/299683311179009/posts/927755658371768/","-","-","https://www.yelp.com/biz/sandys-barber-stylist-for-men-lockport","-","-","https://www.google.com/maps/place/Sandy%27s+Barber+Stylist+For+Men/data=!4m7!3m6!1s0x89d37f2929129ed7:0xc1eb35f9710cea32!8m2!3d43.160979!4d-78.6971697!16s%2Fg%2F12624wvss!19sChIJ154SKSl_04kRMuoMcfk168E?authuser=0&hl=en&g_ep=EgoyMDI2MDkyMy4wIJJjKgBIAVAD&rclk=1","GOLDEN LEAD: Over 50 years in business! Traditional appointment-only cuts on 241 S Transit St."
"49","Sullivan's Hair Design","Barber shop","458 Walnut St, Lockport, NY 14094, United States","+1 (716) 434-0175","Sullivan Family","SKIP (Indicated Closed in Community)","-","-","-","-","-","-","https://www.google.com/maps/place/Sullivan%27s+Hair+Design/data=!4m7!3m6!1s0x89d37f6aaf33506f:0x5e23dab721437609!8m2!3d43.1716485!4d-78.6789865!16s%2Fg%2F1tdb5822!19sChIJb1Azr2p_04kRCXZDIbfaI14?authuser=0&hl=en&g_ep=EgoyMDI2MDkyMy4wIJJjKgBIAVAD&rclk=1","Indicated closed in recent local community discussions."
"50","DiPaolo's Barber Shop","Barber shop","161 East Ave, Lockport, NY 14094, United States","+1 (202) 547-9204","DiPaolo Family","Facebook Messenger (m.me/DiPaolos-Barber-shop...)","https://www.facebook.com/pg/DiPaolos-Barber-shop-308188411609/","https://m.me/DiPaolos-Barber-shop-308188411609","-","-","-","-","https://www.google.com/maps/place/DiPaolo%27s+Barber+Shop/data=!4m7!3m6!1s0x89d37fc2d4122037:0x265cbc6d256f93e9!8m2!3d43.1726064!4d-78.6830893!16s%2Fg%2F11ft2yzyff!19sChIJNyAS1MJ_04kR6ZNvJW28XCY?authuser=0&hl=en&g_ep=EgoyMDI2MDkyMy4wIJJjKgBIAVAD&rclk=1","GOLDEN LEAD: 5.0 rating on Google Maps. Active page on Facebook."
"51","Trendy Nail Spa","Nail salon","1195 Lincoln Ave, Lockport, NY 14094, United States","+1 (716) 280-3091","Bea & Hai","Facebook Messenger (m.me/100083194757081)","https://www.facebook.com/people/Trendy-Nail-Spa-Lockport-NY/100083194757081/","https://m.me/100083194757081","-","https://www.yelp.com/biz/trendy-nail-spa-lockport-2","-","-","https://www.google.com/maps/place/Trendy+Nail+Spa/data=!4m7!3m6!1s0x89d37fe6440fbc9f:0x9c87a4779bbdf7e!8m2!3d43.1539119!4d-78.664454!16s%2Fg%2F11t9jts9qc!19sChIJn7wPROZ_04kRft-7eUd6yAk?authuser=0&hl=en&g_ep=EgoyMDI2MDkyMy4wIJJjKgBIAVAD&rclk=1","GOLDEN LEAD: Owners Bea & husband Hai. 1.1K FB followers. Explicitly requests clients to message on FB!"
"52","Evolution Nails Spa","Nail salon","5714 S Transit Rd, Lockport, NY 14094, United States","+1 (716) 541-8175","Danny Do","Facebook Messenger / Instagram DM","https://www.facebook.com/danny.do.7798","https://m.me/danny.do.7798","https://www.instagram.com/evolutionnailsspanewyork/","https://www.yelp.com/biz/evolution-nails-spa-lockport","-","-","https://www.google.com/maps/place/Evolution+Nails+Spa/data=!4m7!3m6!1s0x89d378d68dc2e073:0x177ef99df00bad3f!8m2!3d43.1484222!4d-78.6988689!16s%2Fg%2F1tddt59y!19sChIJc-DCjdZ404kRP60L8J35fhc?authuser=0&hl=en&g_ep=EgoyMDI2MDkyMy4wIJJjKgBIAVAD&rclk=1","GOLDEN LEAD: Owner Danny Do. Active IG (@evolutionnailsspanewyork) & Facebook profile."
"53","Glow Beauty Head Spa & Nails Inc.","Nail salon","5905 S Transit Rd Ste A, Lockport, NY 14094, United States","+1 (716) 434-8423","Glow Beauty Management","Direct Email (glowbeautyheadspanail@gmail.com)","https://www.facebook.com/search/top/?q=Glow%20Beauty%20Head%20Spa%20Lockport","-","-","-","-","glowbeautyheadspanail@gmail.com","https://www.google.com/maps/place/Glow+Beauty+Head+Spa+%26+Nails+Inc./data=!4m7!3m6!1s0x89d3792bd61d336d:0x62d601bdee782557!8m2!3d43.1360002!4d-78.6948496!16s%2Fg%2F11zf_qw3dy!19sChIJbTMd1it504kRVyV47r0B1mI?authuser=0&hl=en&g_ep=EgoyMDI2MDkyMy4wIJJjKgBIAVAD&rclk=1","GOLDEN LEAD: Official verified email (glowbeautyheadspanail@gmail.com). Head spa & nails on 5905 S Transit Rd."
"54","Le's Nails","Nail salon","52 Pine St, Lockport, NY 14094, United States","+1 (716) 433-4320","Lee & Stephen","Facebook / Phone (+1 716-433-4320)","https://www.facebook.com/search/top/?q=Le%27s%20Nails%20Lockport%20NY","-","-","-","-","-","https://www.google.com/maps/place/Le%27s+Nails/data=!4m7!3m6!1s0x89d37f2338b87bf5:0x507d87af17e3a4b6!8m2!3d43.1690802!4d-78.6919306!16s%2Fg%2F1tlmp9gj!19sChIJ9Xu4OCN_04kRtqTjF6-HfVA?authuser=0&hl=en&g_ep=EgoyMDI2MDkyMy4wIJJjKgBIAVAD&rclk=1","52 Pine St. Known staff Lee & Stephen praised by locals for quality nail sets."
"55","Z Nails","Nail salon","5905 S Transit Rd Ste A, Lockport, NY 14094, United States","+1 (716) 434-8423","Glow Beauty / Z Nails","Direct Email (glowbeautyheadspanail@gmail.com)","https://www.facebook.com/search/top/?q=Z%20Nails%20Lockport%20NY","-","-","-","-","glowbeautyheadspanail@gmail.com","https://www.google.com/maps/place/Z+Nails/data=!4m7!3m6!1s0x89d378de833f9b99:0xc926b15d7d26b67c!8m2!3d43.1363031!4d-78.6948965!16s%2Fg%2F1tg_y1wt!19sChIJmZs_g95404kRfLYmfV2xJsk?authuser=0&hl=en&g_ep=EgoyMDI2MDkyMy4wIJJjKgBIAVAD&rclk=1","Same location as Glow Beauty (rebranded/co-located). Direct email available."
"56","Divinety Hair & Nails","Beauty salon","39 East Ave, Lockport, NY 14094, United States","-","Divinety Management","Facebook Page Message","https://www.facebook.com/search/top/?q=Divinety%20Hair%20Nails%20Lockport","-","-","-","-","-","https://www.google.com/maps/place/Divinety+Hair+%26+Nails/data=!4m7!3m6!1s0x89d37f3d9a77c833:0x2340e4ef417686bf!8m2!3d43.171392!4d-78.68726!16s%2Fg%2F11gjw185n2!19sChIJM8h3mj1_04kRv4Z2Qe_kQCM?authuser=0&hl=en&g_ep=EgoyMDI2MDkyMy4wIJJjKgBIAVAD&rclk=1","Full service hair & nails at 39 East Ave."
"57","Full Circle Salon","Hair salon","6606 Lincoln Dr, Lockport, NY 14094, United States","+1 (716) 438-0608","Donna Carnevale & Jeff Thurston","SKIP (Temporarily Closed)","https://www.facebook.com/search/top/?q=Full%20Circle%20Salon%20Lockport","-","-","-","-","-","https://www.google.com/maps/place/Full+Circle+Salon/data=!4m7!3m6!1s0x89d37f529182c7a5:0xc409ba21db87d309!8m2!3d43.1546191!4d-78.6957672!16s%2Fg%2F11b66sldk9!19sChIJpceCkVJ_04kRCdOH2yG6CcQ?authuser=0&hl=en&g_ep=EgoyMDI2MDkyMy4wIJJjKgBIAVAD&rclk=1","Owners Donna & Jeff. Currently listed as temporarily closed in directory records."
"58","Reids","Hot dog stand","150 Lake Ave, Lockport, NY 14094, United States","+1 (716) 471-0701","Jonathan Reid (Grandson of founder Jack Reid)","Facebook Messenger (m.me/reids.in)","https://www.facebook.com/reids.in","https://m.me/reids.in","-","https://www.yelp.com/biz/reids-lockport","-","-","https://www.google.com/maps/place/Reids/data=!4m7!3m6!1s0x89d37f7342ff55e7:0x49a2672fcf09e62f!8m2!3d43.184545!4d-78.6779968!16s%2Fg%2F1t_khj26!19sChIJ51X_QnN_04kRL-YJzy9nokk?authuser=0&hl=en&g_ep=EgoyMDI2MDkyMy4wIJJjKgBIAVAD&rclk=1","GOLDEN LEAD: Historic drive-in diner since 1946! Operator Jonathan Reid. (716) 433-2488 / (716) 471-0701."
"59","Lockport Seafood Shack","Seafood restaurant","20 Lock St, Lockport, NY 14094, United States","+1 (716) 419-1999","Jon","Facebook Messenger (m.me/61559405106967)","https://www.facebook.com/p/Lockport-Seafood-Shack-61559405106967/","https://m.me/61559405106967","-","-","-","-","https://www.google.com/maps/place/Lockport+Seafood+Shack/data=!4m7!3m6!1s0x89d37ff40e2087b3:0x2ce098e30ffaf89f!8m2!3d43.1718536!4d-78.6935403!16s%2Fg%2F11sw24k_8b!19sChIJs4cgDvR_04kRn_j6D-OY4Cw?authuser=0&hl=en&g_ep=EgoyMDI2MDkyMy4wIJJjKgBIAVAD&rclk=1","GOLDEN LEAD: Owner Jon. 20 Lock St in Locks District. Highly active on Facebook posting weekly specials!"
"60","Dee's Sugar Shack","Breakfast restaurant","460 West Ave, Lockport, NY 14094, United States","+1 (716) 433-9538","Family-Operated Diner","Phone (+1 716-433-9538) / Yelp","https://www.facebook.com/search/top/?q=Dee%27s%20Sugar%20Shack%20Lockport","-","-","https://www.yelp.com/biz/dees-sugar-shack-lockport","-","-","https://www.google.com/maps/place/Dee%27s+Sugar+Shack/data=!4m7!3m6!1s0x89d37edab860d9b3:0xc7b3a996c5838ac0!8m2!3d43.1662031!4d-78.7127701!16s%2Fg%2F1v1tp1r4!19sChIJs9lguNp-04kRwIqDxZaps8c?authuser=0&hl=en&g_ep=EgoyMDI2MDkyMy4wIJJjKgBIAVAD&rclk=1","GOLDEN LEAD: Beloved breakfast & lunch comfort diner at 460 West Ave."
"61","Cousin's Cafe","Cafe","10 Market St, Lockport, NY 14094, United States","+1 (716) 433-1643","Family-Operated Cafe","Facebook Messenger (m.me/cousinscafelockport)","https://www.facebook.com/cousinscafelockport/","https://m.me/cousinscafelockport","-","https://www.yelp.com/biz/cousins-cafe-lockport","-","-","https://www.google.com/maps/place/Cousin%27s+Cafe/data=!4m7!3m6!1s0x89d37f3d3991af03:0x48a7b9396da265b6!8m2!3d43.1708955!4d-78.6903061!16s%2Fg%2F1v3gsx0q!19sChIJA6-ROT1_04kRtmWibTm5p0g?authuser=0&hl=en&g_ep=EgoyMDI2MDkyMy4wIJJjKgBIAVAD&rclk=1","GOLDEN LEAD: Bewley Building cafe (10 Market St). Active Facebook page with daily specials & menu!"