"No","Nama Bisnis","Kategori","Area / Alamat","Telepon Asli","Link Chat WhatsApp","Rating","Jumlah Review","Status Website","Website / Linktree URL","Google Maps URL","Status Follow-Up"
"1","Klinik Kecantikan Gloskin Makassar ( Skin Care )","Klinik Perawatan Kulit","Jl. Syarif Al Qadri No.46, Maricaya Baru, Kec. Makassar, Kota Makassar, Sulawesi Selatan 90141","08115375559","https://wa.me/628115375559","4,9","0","HANYA LINKTREE/MEDSOS (GOLDEN LEAD 🔥)","https://linktr.ee/gloskinmakassar","https://www.google.com/maps/place/Klinik+Kecantikan+Gloskin+Makassar+%28+Skin+Care+%29/data=!4m7!3m6!1s0x2dbefca105c785c1:0x5df3a4362dd3681d!8m2!3d-5.1476523!4d119.4220814!16s%2Fg%2F11bxc7whzh!19sChIJwYXHBaH8vi0RHWjTLTak810?authuser=0&hl=id&g_ep=EgoyMDI2MDkyMy4wIJJjKgBIAVAD&rclk=1","Belum Dihubungi"
"2","Sozo Skin Clinic - Makassar | Klinik Kecantikan Terdekat, Harga Terjangkau","Klinik Perawatan Kulit","Ko. Business Centre Jade No.1, RT.001/RW.01, Masale, Kec. Panakkukang, Kota Makassar, Sulawesi Selatan 90231","085175225664","https://wa.me/6285175225664","4,7","0","SUDAH ADA WEBSITE","https://sozoskinclinic.com/","https://www.google.com/maps/place/Sozo+Skin+Clinic+-+Makassar+%7C+Klinik+Kecantikan+Terdekat,+Harga+Terjangkau/data=!4m7!3m6!1s0x2dbee3007b101421:0xa0a993130b7380d5!8m2!3d-5.153154!4d119.437581!16s%2Fg%2F11vy506yh8!19sChIJIRQQewDjvi0R1YBzCxOTqaA?authuser=0&hl=id&g_ep=EgoyMDI2MDkyMy4wIJJjKgBIAVAD&rclk=1","Belum Dihubungi"
"3","Mugia Aesthetic Clinic | Klinik Kecantikan Makassar","Klinik Perawatan Kulit","Ruko Living Plaza, Jl. Perintis Kemerdekaan No.9, Tamalanrea Jaya, Kec. Tamalanrea, Kota Makassar, Sulawesi Selatan 90245","081354648880","https://wa.me/6281354648880","4,9","0","TIDAK ADA WEBSITE (GOLDEN LEAD 🔥)","-","https://www.google.com/maps/place/Mugia+Aesthetic+Clinic+%7C+Klinik+Kecantikan+Makassar/data=!4m7!3m6!1s0x2dbee384f9e624eb:0x2d1f1e1750ed2996!8m2!3d-5.1419069!4d119.4840628!16s%2Fg%2F11t6_nzxth!19sChIJ6yTm-YTjvi0RlintUBceHy0?authuser=0&hl=id&g_ep=EgoyMDI2MDkyMy4wIJJjKgBIAVAD&rclk=1","Belum Dihubungi"
"4","Feryal Clinic - Aesthetic Clinic","Klinik Perawatan Kulit","Jl. Adiyaksa No.25, Masale, Kec. Panakkukang, Kota Makassar, Sulawesi Selatan 90231","081312495757","https://wa.me/6281312495757","5,0","0","TIDAK ADA WEBSITE (GOLDEN LEAD 🔥)","-","https://www.google.com/maps/place/Feryal+Clinic+-+Aesthetic+Clinic/data=!4m7!3m6!1s0x2dbee38e6163b3b7:0x49d1a3aaaaac97e0!8m2!3d-5.1607177!4d119.446243!16s%2Fg%2F11z0gtn7nr!19sChIJt7NjYY7jvi0R4Jesqqqj0Uk?authuser=0&hl=id&g_ep=EgoyMDI2MDkyMy4wIJJjKgBIAVAD&rclk=1","Belum Dihubungi"
"5","The Clinic Beautylosophy - Makassar","Klinik Perawatan Kulit","Jl. Letjen Hertasning No.8, Tidung, Kec. Rappocini, Kota Makassar, Sulawesi Selatan 90222","082162702002","https://wa.me/6282162702002","5,0","0","SUDAH ADA WEBSITE","https://www.theclinicindonesia.com/","https://www.google.com/maps/place/The+Clinic+Beautylosophy+-+Makassar/data=!4m7!3m6!1s0x2dbee373fdc949a1:0x12f92575a985ac7d!8m2!3d-5.162046!4d119.4378814!16s%2Fg%2F11l36g5rvz!19sChIJoUnJ_XPjvi0RfayFqXUl-RI?authuser=0&hl=id&g_ep=EgoyMDI2MDkyMy4wIJJjKgBIAVAD&rclk=1","Belum Dihubungi"
"6","Ekle's Clinic Makassar","Klinik Perawatan Kulit","Jl. Bulu Kunyi No.11, Maricaya Baru, Kec. Makassar, Kota Makassar, Sulawesi Selatan 90141","085137172886","https://wa.me/6285137172886","5,0","0","SUDAH ADA WEBSITE","https://eklesclinic.com/","https://www.google.com/maps/place/Ekle%27s+Clinic+Makassar/data=!4m7!3m6!1s0x2dbf1df92d74b279:0xed4855656534dccf!8m2!3d-5.1483163!4d119.421728!16s%2Fg%2F11fsrdpl95!19sChIJebJ0Lfkdvy0Rz9w0ZWVVSO0?authuser=0&hl=id&g_ep=EgoyMDI2MDkyMy4wIJJjKgBIAVAD&rclk=1","Belum Dihubungi"
"7","Ummathara Skin Clinic","Klinik Perawatan Kulit","Jl. A. Mappanyukki No.50 B & C, Kunjung Mae, Kec. Mariso, Kota Makassar, Sulawesi Selatan 90125","081329719898","https://wa.me/6281329719898","5,0","0","HANYA LINKTREE/MEDSOS (GOLDEN LEAD 🔥)","https://www.instagram.com/ummatharaskinclinic?igsh=cXIzZzNrOTVmeTU4","https://www.google.com/maps/place/Ummathara+Skin+Clinic/data=!4m7!3m6!1s0x2dbf1d7ff3858a03:0x1500cae6553d6eb6!8m2!3d-5.1526266!4d119.4146245!16s%2Fg%2F11shm84jdt!19sChIJA4qF838dvy0Rtm49VebKABU?authuser=0&hl=id&g_ep=EgoyMDI2MDkyMy4wIJJjKgBIAVAD&rclk=1","Belum Dihubungi"
"8","Keishaglow ( Klinik Kecantikan & Skincare di Makassar )","Ahli estetika","Jl. A. P. Pettarani No.A101-102, Balla Parang, Kec. Makassar, Kota Makassar, Sulawesi Selatan 90222","082317184646","https://wa.me/6282317184646","4,9","0","TIDAK ADA WEBSITE (GOLDEN LEAD 🔥)","-","https://www.google.com/maps/place/Keishaglow+%28+Klinik+Kecantikan+%26+Skincare+di+Makassar+%29/data=!4m7!3m6!1s0x2dbee32203e42bdb:0x90f5310e70ba92d3!8m2!3d-5.1532171!4d119.4369386!16s%2Fg%2F11qrsy4yrj!19sChIJ2yvkAyLjvi0R05K6cA4x9ZA?authuser=0&hl=id&g_ep=EgoyMDI2MDkyMy4wIJJjKgBIAVAD&rclk=1","Belum Dihubungi"
"9","Derma Express Makassar","Klinik Perawatan Kulit","Jl. Sungai Saddang Lama No.23 A, Maradekaya Sel., Kec. Makassar, Kota Makassar, Sulawesi Selatan 90141","04113984004","-","5,0","0","TIDAK ADA WEBSITE (GOLDEN LEAD 🔥)","-","https://www.google.com/maps/place/Derma+Express+Makassar/data=!4m7!3m6!1s0x2dbee3b4bc7dd27d:0x9a5223cd1ed63214!8m2!3d-5.1462472!4d119.4224526!16s%2Fg%2F11ks9h9zvm!19sChIJfdJ9vLTjvi0RFDLWHs0jUpo?authuser=0&hl=id&g_ep=EgoyMDI2MDkyMy4wIJJjKgBIAVAD&rclk=1","Belum Dihubungi"
"10","Klinik Kecantikan & Bedah Plastik EternaMoore Makassar","Klinik Perawatan Kulit","Jl. Botolempangan No.20 Lt.3, Sawerigading, Kec. Ujung Pandang, Kota Makassar, Sulawesi Selatan 90113","085255882848","https://wa.me/6285255882848","4,9","0","SUDAH ADA WEBSITE","https://eternamoore.com/","https://www.google.com/maps/place/Klinik+Kecantikan+%26+Bedah+Plastik+EternaMoore+Makassar/data=!4m7!3m6!1s0x2dbf1de1407b65ef:0x5429428e325fdb5f!8m2!3d-5.139241!4d119.41068!16s%2Fg%2F11h56jd6d7!19sChIJ72V7QOEdvy0RX9tfMo5CKVQ?authuser=0&hl=id&g_ep=EgoyMDI2MDkyMy4wIJJjKgBIAVAD&rclk=1","Belum Dihubungi"
"11","Paraglow Beauty and Dental Clinic","Klinik Perawatan Kulit","Jl. Mallengkeri Raya No.22, Mangasa, Kec. Tamalate, Kota Makassar, Sulawesi Selatan 90224","085399630001","https://wa.me/6285399630001","5,0","0","SUDAH ADA WEBSITE","https://paraglow.id/","https://www.google.com/maps/place/Paraglow+Beauty+and+Dental+Clinic/data=!4m7!3m6!1s0x2dbee3523ce7c39b:0x90827457e28fbb45!8m2!3d-5.1884538!4d119.4396915!16s%2Fg%2F11y312fv3j!19sChIJm8PnPFLjvi0RRbuP4ld0gpA?authuser=0&hl=id&g_ep=EgoyMDI2MDkyMy4wIJJjKgBIAVAD&rclk=1","Belum Dihubungi"
"12","Klinik Kecantikan Athena Makassar","Klinik Perawatan Kulit","Jl. Poros Makassar - Maros No.146, Wajo Baru, Kec. Bontoala, Kota Makassar, Sulawesi Selatan 90151","081289999006","https://wa.me/6281289999006","4,8","0","TIDAK ADA WEBSITE (GOLDEN LEAD 🔥)","-","https://www.google.com/maps/place/Klinik+Kecantikan+Athena+Makassar/data=!4m7!3m6!1s0x2dbefd700a5b4289:0x87b27e5cb726a2dd!8m2!3d-5.134708!4d119.4232404!16s%2Fg%2F11v0mvq6lm!19sChIJiUJbCnD9vi0R3aImt1x-soc?authuser=0&hl=id&g_ep=EgoyMDI2MDkyMy4wIJJjKgBIAVAD&rclk=1","Belum Dihubungi"
"13","Arayu Aesthetic Clinic","Klinik Perawatan Kulit","Jl. Sultan Hasanuddin depan SPBU Hasanuddin No.61, Sawerigading, Kec. Ujung Pandang, Kota Makassar, Sulawesi Selatan 90113","08114034747","https://wa.me/628114034747","5,0","0","HANYA LINKTREE/MEDSOS (GOLDEN LEAD 🔥)","http://www.instagram.com/arayuclinic","https://www.google.com/maps/place/Arayu+Aesthetic+Clinic/data=!4m7!3m6!1s0x2dbee29934a6b981:0x72efb181ff9dce5e!8m2!3d-5.1437848!4d119.4121684!16s%2Fg%2F11fy54k6vd!19sChIJgbmmNJnivi0RXs6d_4Gx73I?authuser=0&hl=id&g_ep=EgoyMDI2MDkyMy4wIJJjKgBIAVAD&rclk=1","Belum Dihubungi"
"14","suzy clinic","Klinik Kesehatan Perempuan","Jl. Permata Mutiara Raya No.11, Parang Tambung, Tamalate, Makassar City, South Sulawesi 90223","0822020410401","https://wa.me/62822020410401","4,8","0","TIDAK ADA WEBSITE (GOLDEN LEAD 🔥)","-","https://www.google.com/maps/place/suzy+clinic/data=!4m7!3m6!1s0x2dbee334c96a6ac7:0x29829bbff79b4550!8m2!3d-5.1832647!4d119.4219406!16s%2Fg%2F11tfk9g56l!19sChIJx2pqyTTjvi0RUEWb97-bgik?authuser=0&hl=id&g_ep=EgoyMDI2MDkyMy4wIJJjKgBIAVAD&rclk=1","Belum Dihubungi"
"15","Alisa Skin Clinic","Klinik Perawatan Kulit","Jl. Letjen Hertasning No.4A, Tidung, Kec. Rappocini, Kota Makassar, Sulawesi Selatan 90222","081242771178","https://wa.me/6281242771178","5,0","0","SUDAH ADA WEBSITE","https://www.alisaskin-clinic.co.id/","https://www.google.com/maps/place/Alisa+Skin+Clinic/data=!4m7!3m6!1s0x2dbee3c60870ec0b:0xacee33b5f9601670!8m2!3d-5.1638765!4d119.439735!16s%2Fg%2F11g0_6dqrx!19sChIJC-xwCMbjvi0RcBZg-bUz7qw?authuser=0&hl=id&g_ep=EgoyMDI2MDkyMy4wIJJjKgBIAVAD&rclk=1","Belum Dihubungi"
"16","Kusuma Beauty Clinic Makassar","Klinik Medis","Jl. A. P. Pettarani No.53 C, Masale, Kec. Panakkukang, Kota Makassar, Sulawesi Selatan 90222","085256468866","https://wa.me/6285256468866","4,8","0","SUDAH ADA WEBSITE","http://kusumabeauty.co.id/","https://www.google.com/maps/place/Kusuma+Beauty+Clinic+Makassar/data=!4m7!3m6!1s0x2dbee2b9b0582a3d:0x82a04e718fc2c8e2!8m2!3d-5.1524738!4d119.4377026!16s%2Fg%2F11b76gm_xh!19sChIJPSpYsLnivi0R4sjCj3FOoII?authuser=0&hl=id&g_ep=EgoyMDI2MDkyMy4wIJJjKgBIAVAD&rclk=1","Belum Dihubungi"
"17","Miracle Aesthetic Clinic Makassar","Klinik Perawatan Kulit","Jl. Opu Daeng Risadju No.17, Kunjung Mae, Kec. Mariso, Kota Makassar, Sulawesi Selatan 90125","04113984888","-","4,9","0","SUDAH ADA WEBSITE","http://www.miracle-clinic.com/","https://www.google.com/maps/place/Miracle+Aesthetic+Clinic+Makassar/data=!4m7!3m6!1s0x2dbf1d4feaaaaaab:0x5804db62c8b83b7c!8m2!3d-5.1498654!4d119.4132766!16s%2Fg%2F1pp2vd0xm!19sChIJq6qq6k8dvy0RfDu4yGLbBFg?authuser=0&hl=id&g_ep=EgoyMDI2MDkyMy4wIJJjKgBIAVAD&rclk=1","Belum Dihubungi"
"18","Erha Clinic Makassar","Klinik Perawatan Kulit","Ruko Pengayoman Petak 5, Jl. Pengayoman No.5, Masale, Kec. Panakkukang, Kota Makassar, Sulawesi Selatan 90231","0411441011","-","4,9","0","SUDAH ADA WEBSITE","http://www.erhaultimate.co.id/","https://www.google.com/maps/place/Erha+Clinic+Makassar/data=!4m7!3m6!1s0x2dbee2f3a3e87681:0xb327c8db49306428!8m2!3d-5.1589414!4d119.4429049!16s%2Fg%2F1q62m04f1!19sChIJgXboo_Pivi0RKGQwSdvIJ7M?authuser=0&hl=id&g_ep=EgoyMDI2MDkyMy4wIJJjKgBIAVAD&rclk=1","Belum Dihubungi"
"19","Tanira Aesthetic Clinic/Tanira Medical Clinic","Klinik Perawatan Kulit","Apartemen Vidaview, Masale, Panakkukang, Makassar City, South Sulawesi 90231","08114478988","https://wa.me/628114478988","5,0","0","TIDAK ADA WEBSITE (GOLDEN LEAD 🔥)","-","https://www.google.com/maps/place/Tanira+Aesthetic+Clinic%2FTanira+Medical+Clinic/data=!4m7!3m6!1s0x2dbee3a30319717d:0xce47cf5e61fb8ab1!8m2!3d-5.1548123!4d119.4413595!16s%2Fg%2F11q_5ccjh_!19sChIJfXEZA6Pjvi0RsYr7YV7PR84?authuser=0&hl=id&g_ep=EgoyMDI2MDkyMy4wIJJjKgBIAVAD&rclk=1","Belum Dihubungi"
"20","Natasha Skin Clinic Makassar Hertasning","Klinik Perawatan Kulit","Jl. Letjen Hertasning No.6, Tidung, Kec. Rappocini, Kota Makassar, Sulawesi Selatan 90231","0411427247","-","4,9","0","HANYA LINKTREE/MEDSOS (GOLDEN LEAD 🔥)","http://wa.me/08112979697","https://www.google.com/maps/place/Natasha+Skin+Clinic+Makassar+Hertasning/data=!4m7!3m6!1s0x2dbee2c1c9cfc857:0xb34da1a07c06117d!8m2!3d-5.1620749!4d119.4374103!16s%2Fg%2F1hc1t83j_!19sChIJV8jPycHivi0RfREGfKChTbM?authuser=0&hl=id&g_ep=EgoyMDI2MDkyMy4wIJJjKgBIAVAD&rclk=1","Belum Dihubungi"
"21","AIRA SKIN CLINIC MAKASSAR","Klinik Perawatan Kulit","Ruko Jasper III, Jl. Pengayoman No.38-39, Masale, Panakkukang, Makassar City, South Sulawesi 90231","08179477712","https://wa.me/628179477712","4,9","0","TIDAK ADA WEBSITE (GOLDEN LEAD 🔥)","-","https://www.google.com/maps/place/AIRA+SKIN+CLINIC+MAKASSAR/data=!4m7!3m6!1s0x2dbee308aaab8fc7:0x7393e82c40f44679!8m2!3d-5.1595325!4d119.4466802!16s%2Fg%2F11gtgfsx8z!19sChIJx4-rqgjjvi0ReUb0QCzok3M?authuser=0&hl=id&g_ep=EgoyMDI2MDkyMy4wIJJjKgBIAVAD&rclk=1","Belum Dihubungi"
"22","Arche 21 Aesthetic Clinic Makassar","Klinik Perawatan Kulit","Jl. Adyaksa Baru, Masale, Kec. Panakkukang, Kota Makassar, Sulawesi Selatan 90231","081340271177","https://wa.me/6281340271177","4,9","0","HANYA LINKTREE/MEDSOS (GOLDEN LEAD 🔥)","https://wa.me/6281340271177","https://www.google.com/maps/place/Arche+21+Aesthetic+Clinic+Makassar/data=!4m7!3m6!1s0x2dbee35b16af6f31:0x401c6b63dbaff258!8m2!3d-5.152627!4d119.4482747!16s%2Fg%2F11vdy758r0!19sChIJMW-vFlvjvi0RWPKv22NrHEA?authuser=0&hl=id&g_ep=EgoyMDI2MDkyMy4wIJJjKgBIAVAD&rclk=1","Belum Dihubungi"
"23","Derka Clinic Makassar","Klinik Perawatan Kulit","Jl. Sultan Hasanuddin No.15, Sawerigading, Kec. Ujung Pandang, Kota Makassar, Sulawesi Selatan 90115","04118943775","-","5,0","0","SUDAH ADA WEBSITE","http://www.derkaclinic.com/","https://www.google.com/maps/place/Derka+Clinic+Makassar/data=!4m7!3m6!1s0x2dbf0311d460e96b:0x7132abb3a0c6c976!8m2!3d-5.1390388!4d119.4099451!16s%2Fg%2F11q7l2mfnx!19sChIJa-lg1BEDvy0RdsnGoLOrMnE?authuser=0&hl=id&g_ep=EgoyMDI2MDkyMy4wIJJjKgBIAVAD&rclk=1","Belum Dihubungi"
"24","SKIN+ by Euromedica Group - Trans Studio Mall Makassar","Klinik Perawatan Kulit","Jl. Metro Tj. Bunga No.18 Lantai LG, RT.LGB-16, Maccini Sombala, Kec. Tamalate, Kota Makassar, Sulawesi Selatan 90134","08132152289","https://wa.me/628132152289","4,9","0","TIDAK ADA WEBSITE (GOLDEN LEAD 🔥)","-","https://www.google.com/maps/place/SKIN%2B+by+Euromedica+Group+-+Trans+Studio+Mall+Makassar/data=!4m7!3m6!1s0x2dbf1df066501ded:0xd8eaa4d810fdcc5a!8m2!3d-5.1626209!4d119.393496!16s%2Fg%2F11z7p42fxb!19sChIJ7R1QZvAdvy0RWsz9ENik6tg?authuser=0&hl=id&g_ep=EgoyMDI2MDkyMy4wIJJjKgBIAVAD&rclk=1","Belum Dihubungi"
"25","Bening's Clinic Makassar","Klinik Perawatan Kulit","Kel. Masela, Jl. Boulevard No.A1/7, RT.002/RW.003, Masale, Kec. Panakkukang, Kota Makassar, Sulawesi Selatan 92161","04114096485","-","4,7","0","TIDAK ADA WEBSITE (GOLDEN LEAD 🔥)","-","https://www.google.com/maps/place/Bening%27s+Clinic+Makassar/data=!4m7!3m6!1s0x2dbee3c0edf52f7f:0xa44999436a8e1b9d!8m2!3d-5.1562718!4d119.4424783!16s%2Fg%2F11q1v9kg2w!19sChIJfy_17cDjvi0RnRuOakOZSaQ?authuser=0&hl=id&g_ep=EgoyMDI2MDkyMy4wIJJjKgBIAVAD&rclk=1","Belum Dihubungi"
"26","ZAP Clinic Perintis Makassar","Klinik Perawatan Kulit","Jl. Perintis Kemerdekaan No.KM.9, Tamalanrea Jaya, Kec. Tamalanrea, Kota Makassar, Sulawesi Selatan 90245","0811407727","https://wa.me/62811407727","5,0","0","SUDAH ADA WEBSITE","http://www.zapclinic.com/","https://www.google.com/maps/place/ZAP+Clinic+Perintis+Makassar/data=!4m7!3m6!1s0x2dbefdccc05d793b:0xf97e283aaaba13e!8m2!3d-5.1419146!4d119.4839956!16s%2Fg%2F11h3bgdzbb!19sChIJO3ldwMz9vi0RPqGrqoPilw8?authuser=0&hl=id&g_ep=EgoyMDI2MDkyMy4wIJJjKgBIAVAD&rclk=1","Belum Dihubungi"
"27","Glowderm House Of Beauty","Spa Perawatan Wajah","Jl. Talasalapang No.3, Gn. Sari, Kec. Rappocini, Kota Makassar, Sulawesi Selatan 90221","08114587772","https://wa.me/628114587772","4,6","0","TIDAK ADA WEBSITE (GOLDEN LEAD 🔥)","-","https://www.google.com/maps/place/Glowderm+House+Of+Beauty/data=!4m7!3m6!1s0x2dbee25e9ed7aa53:0xe7fbe2311449f23b!8m2!3d-5.1823306!4d119.4453913!16s%2Fg%2F11fxcnmdyx!19sChIJU6rXnl7ivi0RO_JJFDHi--c?authuser=0&hl=id&g_ep=EgoyMDI2MDkyMy4wIJJjKgBIAVAD&rclk=1","Belum Dihubungi"
"28","GLOWLIY AESTHETIC CLINIC MAKASSAR","Klinik Perawatan Kulit","Jl. Lanto Dg. Pasewang No.18, Maricaya Sel., Kec. Makassar, Kota Makassar, Sulawesi Selatan 90142","085117616143","https://wa.me/6285117616143","5,0","0","SUDAH ADA WEBSITE","https://glowliy.id/","https://www.google.com/maps/place/GLOWLIY+AESTHETIC+CLINIC+MAKASSAR/data=!4m7!3m6!1s0x2dbee328c5608bbd:0x94b1df020d1b8ea!8m2!3d-5.1522117!4d119.4196892!16s%2Fg%2F11t3ldwndw!19sChIJvYtgxSjjvi0R6rjRIPAdSwk?authuser=0&hl=id&g_ep=EgoyMDI2MDkyMy4wIJJjKgBIAVAD&rclk=1","Belum Dihubungi"
"29","Davina Aesthetic Clinic","Klinik Perawatan Kulit","Jl. Botolempangan No.34 D, Sawerigading, Kec. Ujung Pandang, Kota Makassar, Sulawesi Selatan 90115","081525719888","https://wa.me/6281525719888","4,9","0","HANYA LINKTREE/MEDSOS (GOLDEN LEAD 🔥)","http://linktr.ee/davinaclinic","https://www.google.com/maps/place/Davina+Aesthetic+Clinic/data=!4m7!3m6!1s0x2dbf038f1c9c6939:0xf47d96a60f85466e!8m2!3d-5.1405144!4d119.411228!16s%2Fg%2F11pdj3bwl2!19sChIJOWmcHI8Dvy0RbkaFD6aWffQ?authuser=0&hl=id&g_ep=EgoyMDI2MDkyMy4wIJJjKgBIAVAD&rclk=1","Belum Dihubungi"
"30","Profira Aesthetic & Anti-Aging Clinic Makassar","Klinik Perawatan Kulit","Komplek Ruko, Setelah Rumah Sakit Grestelina, Jl. Letjen Hertasning Blok B-1, Pandang, Kec. Panakkukang, Kota Makassar, Sulawesi Selatan 90231","04112025167","-","4,9","0","SUDAH ADA WEBSITE","http://www.profira-clinic.com/","https://www.google.com/maps/place/Profira+Aesthetic+%26+Anti-Aging+Clinic+Makassar/data=!4m7!3m6!1s0x2dbee284bede11c9:0x46884987121158fb!8m2!3d-5.1638652!4d119.4453846!16s%2Fg%2F11c2p34dzq!19sChIJyRHevoTivi0R-1gREodJiEY?authuser=0&hl=id&g_ep=EgoyMDI2MDkyMy4wIJJjKgBIAVAD&rclk=1","Belum Dihubungi"
"31","Sezha Skin Clinic","Klinik Perawatan Kulit","Jl. Minasa Upa Raya Ruko N5 No.7, Gn. Sari, Kec. Rappocini, Kota Makassar, Sulawesi Selatan 90233","085757336966","https://wa.me/6285757336966","5,0","0","TIDAK ADA WEBSITE (GOLDEN LEAD 🔥)","-","https://www.google.com/maps/place/Sezha+Skin+Clinic/data=!4m7!3m6!1s0x2dbee3afc92a38a1:0x92052e202ad7080a!8m2!3d-5.1791938!4d119.4614554!16s%2Fg%2F11fn6cpjq1!19sChIJoTgqya_jvi0RCgjXKiAuBZI?authuser=0&hl=id&g_ep=EgoyMDI2MDkyMy4wIJJjKgBIAVAD&rclk=1","Belum Dihubungi"
"32","Lviors Beauty Clinic Makassar","Klinik Perawatan Kulit","Jl. Veteran Selatan No.39, Maricaya Baru, Kec. Makassar, Kota Makassar, Sulawesi Selatan 90222","082187145588","https://wa.me/6282187145588","5,0","0","SUDAH ADA WEBSITE","https://lviors.com/","https://www.google.com/maps/place/Lviors+Beauty+Clinic+Makassar/data=!4m7!3m6!1s0x2dbee361af062f89:0xf73a71407ec226a6!8m2!3d-5.1521098!4d119.4248594!16s%2Fg%2F11ysg53l4g!19sChIJiS8Gr2Hjvi0RpibCfkBxOvc?authuser=0&hl=id&g_ep=EgoyMDI2MDkyMy4wIJJjKgBIAVAD&rclk=1","Belum Dihubungi"
"33","Enhade Skin Clinic Makassar","Klinik Perawatan Kulit","Jl. Adipura Raya No.13, Karuwisi Utara, Kec. Panakkukang, Kota Makassar, Sulawesi Selatan 90232","081150501117","https://wa.me/6281150501117","5,0","0","TIDAK ADA WEBSITE (GOLDEN LEAD 🔥)","-","https://www.google.com/maps/place/Enhade+Skin+Clinic+Makassar/data=!4m7!3m6!1s0x2dbefd5bfe7b5a17:0xec3e36d30fde4784!8m2!3d-5.1327685!4d119.4334115!16s%2Fg%2F11khr39_vq!19sChIJF1p7_lv9vi0RhEfeD9M2Puw?authuser=0&hl=id&g_ep=EgoyMDI2MDkyMy4wIJJjKgBIAVAD&rclk=1","Belum Dihubungi"
"34","Klinik Estetika dr. Affandi - Makassar","Klinik Perawatan Kulit","Jl. Boulevard Raya, Ruko Blk. P No.1, Masale, Kec. Panakkukang, Kota Makassar, Sulawesi Selatan 90231","04114091331","-","4,6","0","SUDAH ADA WEBSITE","http://klinikestetika.com/","https://www.google.com/maps/place/Klinik+Estetika+dr.+Affandi+-+Makassar/data=!4m7!3m6!1s0x2dbee2c0d07d42ff:0xa07b31bf43e2b194!8m2!3d-5.1551742!4d119.4382534!16s%2Fg%2F11cjjb7j0t!19sChIJ_0J90MDivi0RlLHiQ78xe6A?authuser=0&hl=id&g_ep=EgoyMDI2MDkyMy4wIJJjKgBIAVAD&rclk=1","Belum Dihubungi"
"35","Anna Clinic Talasalapang","Ahli estetika","Jl. Talasalapang No.101, Karunrung, Kec. Rappocini, Kota Makassar, Sulawesi Selatan 90221","08134738438","https://wa.me/628134738438","4,8","0","TIDAK ADA WEBSITE (GOLDEN LEAD 🔥)","-","https://www.google.com/maps/place/Anna+Clinic+Talasalapang/data=!4m7!3m6!1s0x2dbee35c5782b795:0x874b785de2d05075!8m2!3d-5.184059!4d119.450726!16s%2Fg%2F11rdc93r0_!19sChIJlbeCV1zjvi0RdVDQ4l14S4c?authuser=0&hl=id&g_ep=EgoyMDI2MDkyMy4wIJJjKgBIAVAD&rclk=1","Belum Dihubungi"
"36","emve clinic latimojong","Klinik Perawatan Kulit","Jl. Gunung Latimojong No.93, Lariang Bangi, Kec. Makassar, Kota Makassar, Sulawesi Selatan 90151","04118910478","-","5,0","0","TIDAK ADA WEBSITE (GOLDEN LEAD 🔥)","-","https://www.google.com/maps/place/emve+clinic+latimojong/data=!4m7!3m6!1s0x2dbefd55d5ec728d:0xbed629cf3a920ebe!8m2!3d-5.1378976!4d119.420473!16s%2Fg%2F11cmn75nbh!19sChIJjXLs1VX9vi0Rvg6SOs8p1r4?authuser=0&hl=id&g_ep=EgoyMDI2MDkyMy4wIJJjKgBIAVAD&rclk=1","Belum Dihubungi"
"37","Skin | a Aesthetic Clinic Makassar","Klinik Perawatan Kulit","V92X+84, Panambungan, Kota Makassar, Sulawesi Selatan","081250005809","https://wa.me/6281250005809","5,0","0","HANYA LINKTREE/MEDSOS (GOLDEN LEAD 🔥)","https://www.instagram.com/skinaclinic.makassar?igsh=MTVwYm9rZnE3YWFvcw==","https://www.google.com/maps/place/Skin+%7C+a+Aesthetic+Clinic+Makassar/data=!4m7!3m6!1s0x2dbf1d001cd57f69:0x40d53a15cb0897fe!8m2!3d-5.1496639!4d119.3983197!16s%2Fg%2F11w_sx6zpv!19sChIJaX_VHAAdvy0R_pcIyxU61UA?authuser=0&hl=id&g_ep=EgoyMDI2MDkyMy4wIJJjKgBIAVAD&rclk=1","Belum Dihubungi"
"38","Natasha Skin Clinic Makassar Trans Studio","Klinik Perawatan Kulit","Maccini Sombala, Kec. Makassar, Kota Makassar, Sulawesi Selatan 90134","04113604106","-","4,9","0","HANYA LINKTREE/MEDSOS (GOLDEN LEAD 🔥)","http://wa.me/628112979698","https://www.google.com/maps/place/Natasha+Skin+Clinic+Makassar+Trans+Studio/data=!4m7!3m6!1s0x2dbf1d7c05555555:0xf40a1e3bcf233681!8m2!3d-5.1606565!4d119.394456!16s%2Fg%2F11g_y5szt!19sChIJVVVVBXwdvy0RgTYjzzseCvQ?authuser=0&hl=id&g_ep=EgoyMDI2MDkyMy4wIJJjKgBIAVAD&rclk=1","Belum Dihubungi"
"39","FRAIZTHETIC CLINIC","Klinik Perawatan Kulit","Ruko Rolling Hills, Jl. Metro Tj. Bunga No.6, Maccini Sombala, Kec. Tamalate, Kota Makassar, Sulawesi Selatan 90224","081245541100","https://wa.me/6281245541100","4,9","0","TIDAK ADA WEBSITE (GOLDEN LEAD 🔥)","-","https://www.google.com/maps/place/FRAIZTHETIC+CLINIC/data=!4m7!3m6!1s0x2dbf1d58f68912dd:0xda355643683d3916!8m2!3d-5.1632409!4d119.3934628!16s%2Fg%2F11nxcf6493!19sChIJ3RKJ9lgdvy0RFjk9aENWNdo?authuser=0&hl=id&g_ep=EgoyMDI2MDkyMy4wIJJjKgBIAVAD&rclk=1","Belum Dihubungi"
"40","Ressty Aesthetic Clinic Cab.Pelita Raya","Klinik Perawatan Kulit","Jl. Pelita Raya No.A 5 7Makassar, Bua Kana, Kec. Rappocini, Kota Makassar, Sulawesi Selatan 90222","081340869366","https://wa.me/6281340869366","4,8","0","TIDAK ADA WEBSITE (GOLDEN LEAD 🔥)","-","https://www.google.com/maps/place/Ressty+Aesthetic+Clinic+Cab.Pelita+Raya/data=!4m7!3m6!1s0x2dbee3b13faf21ed:0x5f2842053ba59cc5!8m2!3d-5.1532537!4d119.4339829!16s%2Fg%2F11qrky_l9z!19sChIJ7SGvP7Hjvi0RxZylOwVCKF8?authuser=0&hl=id&g_ep=EgoyMDI2MDkyMy4wIJJjKgBIAVAD&rclk=1","Belum Dihubungi"
"41","Jglow Clinic Makassar","Salon Kecantikan","Jl. Adyaksa Baru No.9b, Masale, Kec. Panakkukang, Kota Makassar, Sulawesi Selatan 90231","085397727291","https://wa.me/6285397727291","4,8","0","SUDAH ADA WEBSITE","https://jglowclinic.id/","https://www.google.com/maps/place/Jglow+Clinic+Makassar/data=!4m7!3m6!1s0x2dbee39b41a0903d:0xe18e88cd40b4afa3!8m2!3d-5.1527107!4d119.4485024!16s%2Fg%2F11vl_t35hp!19sChIJPZCgQZvjvi0Ro6-0QM2IjuE?authuser=0&hl=id&g_ep=EgoyMDI2MDkyMy4wIJJjKgBIAVAD&rclk=1","Belum Dihubungi"
"42","Azqiara Klinik Estetik Wanita Makassar","Klinik Perawatan Kulit","Jl. G. Bawakaraeng No.116, Barana, Kec. Makassar, Kota Makassar, Sulawesi Selatan 90145","04114679797","-","4,9","0","SUDAH ADA WEBSITE","https://azqiara-skin.com/","https://www.google.com/maps/place/Azqiara+Klinik+Estetik+Wanita+Makassar/data=!4m7!3m6!1s0x2dbefdfed43317bd:0xa85b9c4488ff4717!8m2!3d-5.1351293!4d119.4251669!16s%2Fg%2F11h10bdkfd!19sChIJvRcz1P79vi0RF0f_iEScW6g?authuser=0&hl=id&g_ep=EgoyMDI2MDkyMy4wIJJjKgBIAVAD&rclk=1","Belum Dihubungi"
"43","SKYN Clinic Makassar","Ahli Gizi","Ruko Jasper 3, Jl. Pengayoman, Masale, Kec. Panakkukang, Kota Makassar, Sulawesi Selatan 90231","085399829982","https://wa.me/6285399829982","4,9","0","TIDAK ADA WEBSITE (GOLDEN LEAD 🔥)","-","https://www.google.com/maps/place/SKYN+Clinic+Makassar/data=!4m7!3m6!1s0x2dbee3641a135ff3:0x97040088249de8ab!8m2!3d-5.1592595!4d119.4456422!16s%2Fg%2F11vlnrdvk3!19sChIJ818TGmTjvi0Rq-idJIgABJc?authuser=0&hl=id&g_ep=EgoyMDI2MDkyMy4wIJJjKgBIAVAD&rclk=1","Belum Dihubungi"
"44","EUROSKINLAB (ESL) by Euromedica Group - Makassar","Klinik Perawatan Kulit","Jl. DR. Ratulangi No.81, Labuang Baji, Kec. Mamajang, Kota Makassar, Sulawesi Selatan 90132","085353393388","https://wa.me/6285353393388","4,9","0","TIDAK ADA WEBSITE (GOLDEN LEAD 🔥)","-","https://www.google.com/maps/place/EUROSKINLAB+%28ESL%29+by+Euromedica+Group+-+Makassar/data=!4m7!3m6!1s0x2dbf1ddc8e50715f:0x3d6943712b9366a7!8m2!3d-5.1607352!4d119.4174878!16s%2Fg%2F11y63sc_34!19sChIJX3FQjtwdvy0Rp2aTK3FDaT0?authuser=0&hl=id&g_ep=EgoyMDI2MDkyMy4wIJJjKgBIAVAD&rclk=1","Belum Dihubungi"
"45","WIWI'S AESTHETIC CLINIC","Klinik Perawatan Kulit","Jl. Talasalapang No.32, Gn. Sari, Kec. Rappocini, Kota Makassar, Sulawesi Selatan 90221","085342907972","https://wa.me/6285342907972","4,6","0","HANYA LINKTREE/MEDSOS (GOLDEN LEAD 🔥)","https://instagram.com/wiwisskincare?igshid=1no3s0b1ue3a2","https://www.google.com/maps/place/WIWI%27S+AESTHETIC+CLINIC/data=!4m7!3m6!1s0x2dbee36c221534c1:0x7fc918a5b7183801!8m2!3d-5.1823342!4d119.4441626!16s%2Fg%2F11h7frn97j!19sChIJwTQVImzjvi0RATgYt6UYyX8?authuser=0&hl=id&g_ep=EgoyMDI2MDkyMy4wIJJjKgBIAVAD&rclk=1","Belum Dihubungi"
"46","Anna Clinic Makassar","Klinik Perawatan Kulit","Jl. Urip Sumoharjo C No.236, Sinrijala, Kec. Makassar, Kota Makassar, Sulawesi Selatan 90231","082319310677","https://wa.me/6282319310677","4,0","0","TIDAK ADA WEBSITE (GOLDEN LEAD 🔥)","-","https://www.google.com/maps/place/Anna+Clinic+Makassar/data=!4m7!3m6!1s0x2dbefd5ba5502b0b:0x8de0746ed9f29142!8m2!3d-5.1366085!4d119.4383516!16s%2Fg%2F11h03g9s66!19sChIJCytQpVv9vi0RQpHy2W504I0?authuser=0&hl=id&g_ep=EgoyMDI2MDkyMy4wIJJjKgBIAVAD&rclk=1","Belum Dihubungi"
"47","Feryal Dental Care","Klinik Gigi","Jl. Anggrek Raya No.6, Paropo, Kec. Panakkukang, Kota Makassar, Sulawesi Selatan 90233","08131751018","https://wa.me/628131751018","4,9","0","TIDAK ADA WEBSITE (GOLDEN LEAD 🔥)","-","https://www.google.com/maps/place/Feryal+Dental+Care/data=!4m7!3m6!1s0x2dbee2e7ad5b2579:0x250f3fbb3e4d2ffc!8m2!3d-5.1613624!4d119.4549723!16s%2Fg%2F11c2qt3bh0!19sChIJeSVbrefivi0R_C9NPrs_DyU?authuser=0&hl=id&g_ep=EgoyMDI2MDkyMy4wIJJjKgBIAVAD&rclk=1","Belum Dihubungi"
"48","Shandy Aesthetic Clinic","Klinik Perawatan Kulit","Jl. Jipang Raya No.1, Jl. Jipang Raya Ruko Villa Megasari No.1 A, Gn. Sari, Kec. Rappocini, Kota Makassar, Sulawesi Selatan 90221","082347739757","https://wa.me/6282347739757","5,0","0","TIDAK ADA WEBSITE (GOLDEN LEAD 🔥)","-","https://www.google.com/maps/place/Shandy+Aesthetic+Clinic/data=!4m7!3m6!1s0x2dbee3bc120dc191:0x9eac3dc084da64ea!8m2!3d-5.1859981!4d119.4488186!16s%2Fg%2F11vj2dhtng!19sChIJkcENErzjvi0R6mTahMA9rJ4?authuser=0&hl=id&g_ep=EgoyMDI2MDkyMy4wIJJjKgBIAVAD&rclk=1","Belum Dihubungi"
"49","DOC CLINIC (KLINIK KECANTIKAN)","Salon Kecantikan","Jl. Perintis Kemerdekaan No.23, Tamalanrea Indah, Kec. Tamalanrea, Kota Makassar, Sulawesi Selatan 90245","085341111292","https://wa.me/6285341111292","4,9","0","TIDAK ADA WEBSITE (GOLDEN LEAD 🔥)","-","https://www.google.com/maps/place/DOC+CLINIC+%28KLINIK+KECANTIKAN%29/data=!4m7!3m6!1s0x2dbee3f514dc9647:0xb731c8946cb204e!8m2!3d-5.1421747!4d119.4773748!16s%2Fg%2F11lkhgzfzk!19sChIJR5bcFPXjvi0RTiDLRokccws?authuser=0&hl=id&g_ep=EgoyMDI2MDkyMy4wIJJjKgBIAVAD&rclk=1","Belum Dihubungi"
"50","WPC Makassar","Klinik Perawatan Kulit","Jl. Boulevard Ruko Ruby No.14 Jasper 1, Masale, Kec. Panakkukang, Kota Makassar, Sulawesi Selatan 90231","081119206017","https://wa.me/6281119206017","4,9","0","SUDAH ADA WEBSITE","http://www.tiktok.com/@wijayaplatinummakassar","https://www.google.com/maps/place/WPC+Makassar/data=!4m7!3m6!1s0x2dbee3a417d1cc5b:0x87e16839f2e531ba!8m2!3d-5.1560521!4d119.4432965!16s%2Fg%2F11jm6xz7lw!19sChIJW8zRF6Tjvi0RujHl8jlo4Yc?authuser=0&hl=id&g_ep=EgoyMDI2MDkyMy4wIJJjKgBIAVAD&rclk=1","Belum Dihubungi"
"51","Double Helix Event Organizer Makassar","Event Organizer (EO)","Jl. Toddopuli 10 No.34, Borong, Kec. Manggala, Kota Makassar, Sulawesi Selatan 90231","082190410000","https://wa.me/6282190410000","5,0","0","SUDAH ADA WEBSITE","http://www.doublehelix.co.id/","https://www.google.com/maps/place/Double+Helix+Event+Organizer+Makassar/data=!4m7!3m6!1s0x2dbee3cfd7e68e25:0xc0aea2d2d16ddac5!8m2!3d-5.1648022!4d119.4574274!16s%2Fg%2F11l_9dt886!19sChIJJY7m18_jvi0Rxdpt0dKirsA?authuser=0&hl=id&g_ep=EgoyMDI2MDkyMy4wIJJjKgBIAVAD&rclk=1","Belum Dihubungi"
"52","ALLYSON WEDDING PLANNER","Perencana Pernikahan","Ruko Rolling Hills Pacific Plaza, Jl. Metro Tj. Bunga 5 No. D52, Maccini Sombala, Kec. Tamalate, Kota Makassar, Sulawesi Selatan 90225","085656611440","https://wa.me/6285656611440","4,8","0","SUDAH ADA WEBSITE","http://www.allysonwp.com/","https://www.google.com/maps/place/ALLYSON+WEDDING+PLANNER/data=!4m7!3m6!1s0x2dbefd5683d45421:0x32139f994dea37ba!8m2!3d-5.1645082!4d119.3925309!16s%2Fg%2F11ggbqjw5z!19sChIJIVTUg1b9vi0RujfqTZmfEzI?authuser=0&hl=id&g_ep=EgoyMDI2MDkyMy4wIJJjKgBIAVAD&rclk=1","Belum Dihubungi"
"53","Dee Management Event Organizer Makassar","Event Organizer (EO)","Jl. Sawerigading No.24, Sawerigading, Kec. Ujung Pandang, Kota Makassar, Sulawesi Selatan 90113","085341955831","https://wa.me/6285341955831","5,0","0","TIDAK ADA WEBSITE (GOLDEN LEAD 🔥)","-","https://www.google.com/maps/place/Dee+Management+Event+Organizer+Makassar/data=!4m7!3m6!1s0x2dbf03fda1f546dd:0xc30d8c596ee74132!8m2!3d-5.1408918!4d119.4139645!16s%2Fg%2F11gs65dgv8!19sChIJ3Ub1of0Dvy0RMkHnblmMDcM?authuser=0&hl=id&g_ep=EgoyMDI2MDkyMy4wIJJjKgBIAVAD&rclk=1","Belum Dihubungi"
"54","Tetta Event & Wedding organizer","Event Organizer (EO)","Jl. Graha Lestari Makassar, Bangkala, Kec. Manggala, Kota Makassar, Sulawesi Selatan 90233","085117550789","https://wa.me/6285117550789","5,0","0","TIDAK ADA WEBSITE (GOLDEN LEAD 🔥)","-","https://www.google.com/maps/place/Tetta+Event+%26+Wedding+organizer/data=!4m7!3m6!1s0x2dbee37e0cad05bd:0xb007c0d3e37c54a1!8m2!3d-5.1740491!4d119.467781!16s%2Fg%2F11ym3pcczd!19sChIJvQWtDH7jvi0RoVR849PAB7A?authuser=0&hl=id&g_ep=EgoyMDI2MDkyMy4wIJJjKgBIAVAD&rclk=1","Belum Dihubungi"
"55","Padamua Project Event & Wedding Organizer Office","Jasa Pernikahan","Perumahan Graha Sultan, Jl. Pelita Taeng Blok B1, Taeng, Kec. Pallangga, Kabupaten Gowa, Sulawesi Selatan 90221","081341197001","https://wa.me/6281341197001","5,0","0","HANYA LINKTREE/MEDSOS (GOLDEN LEAD 🔥)","https://www.instagram.com/padamua.project/","https://www.google.com/maps/place/Padamua+Project+Event+%26+Wedding+Organizer+Office/data=!4m7!3m6!1s0x2dbee35ac85869a3:0xc77b546fa40b9a23!8m2!3d-5.1955778!4d119.4349058!16s%2Fg%2F11kgzqz0pq!19sChIJo2lYyFrjvi0RI5oLpG9Ue8c?authuser=0&hl=id&g_ep=EgoyMDI2MDkyMy4wIJJjKgBIAVAD&rclk=1","Belum Dihubungi"
"56","Repro Entertainment","Perancang Acara","Ruko Metro Square, Jl. Gunung Latimojong blok E 2, Lariang Bangi, Kec. Makassar, Kota Makassar, Sulawesi Selatan 90157","04113619273","-","4,8","0","TIDAK ADA WEBSITE (GOLDEN LEAD 🔥)","-","https://www.google.com/maps/place/Repro+Entertainment/data=!4m7!3m6!1s0x2dbefd5665bc5a1b:0x4788fd90d7694f79!8m2!3d-5.1370101!4d119.4203658!16s%2Fg%2F1pzqkpl73!19sChIJG1q8ZVb9vi0ReU9p15D9iEc?authuser=0&hl=id&g_ep=EgoyMDI2MDkyMy4wIJJjKgBIAVAD&rclk=1","Belum Dihubungi"
"57","Simfoni Organizer","Event Organizer (EO)","Jl. Cilallang No.66, Banta-Bantaeng, Kec. Rappocini, Kota Makassar, Sulawesi Selatan 90222","082190209019","https://wa.me/6282190209019","5,0","0","TIDAK ADA WEBSITE (GOLDEN LEAD 🔥)","-","https://www.google.com/maps/place/Simfoni+Organizer/data=!4m7!3m6!1s0x2dbee39f2798ee55:0x2ddb5b9af2d41bba!8m2!3d-5.1596367!4d119.4340759!16s%2Fg%2F11rzgwh6tj!19sChIJVe6YJ5_jvi0RuhvU8ppb2y0?authuser=0&hl=id&g_ep=EgoyMDI2MDkyMy4wIJJjKgBIAVAD&rclk=1","Belum Dihubungi"
"58","Sangjuara Organizer | Team Building Makassar and Outbound Provider","Event Organizer (EO)","Jalan Perumahan Dosen Unhas Tamalanrea Blok GB.18, Tamalanrea Jaya, Kec. Tamalanrea, Kota Makassar, Sulawesi Selatan 90245","085211497914","https://wa.me/6285211497914","5,0","0","HANYA LINKTREE/MEDSOS (GOLDEN LEAD 🔥)","https://www.instagram.com/sangjuaraorganizer","https://www.google.com/maps/place/Sangjuara+Organizer+%7C+Team+Building+Makassar+and+Outbound+Provider/data=!4m7!3m6!1s0x2dbee3de4988ee1f:0xcfc3198f7087ef23!8m2!3d-5.1419687!4d119.4989427!16s%2Fg%2F11hzcymv1g!19sChIJH-6ISd7jvi0RI--HcI8Zw88?authuser=0&hl=id&g_ep=EgoyMDI2MDkyMy4wIJJjKgBIAVAD&rclk=1","Belum Dihubungi"
"59","The Culture Club Makassar","Tempat acara","Jl. Gontang Raya No.15, Tj. Merdeka, Kec. Tamalate, Kota Makassar, Sulawesi Selatan 90224","0811443787","https://wa.me/62811443787","4,5","0","HANYA LINKTREE/MEDSOS (GOLDEN LEAD 🔥)","https://instagram.com/the_culture_club_makassar?r=nametag","https://www.google.com/maps/place/The+Culture+Club+Makassar/data=!4m7!3m6!1s0x2dbf1d9ebabbdd29:0x660fe8cebb647e59!8m2!3d-5.1844669!4d119.3993554!16s%2Fg%2F11btz1cjry!19sChIJKd27up4dvy0RWX5ku87oD2Y?authuser=0&hl=id&g_ep=EgoyMDI2MDkyMy4wIJJjKgBIAVAD&rclk=1","Belum Dihubungi"
"60","Gemilang Creativindo","Event Organizer (EO)","VC39+927, Maricaya Baru, Kec. Makassar, Kota Makassar, Sulawesi Selatan 90114","081241024311","https://wa.me/6281241024311","5,0","0","HANYA LINKTREE/MEDSOS (GOLDEN LEAD 🔥)","https://instagram.com/gemilangcreativindo?igshid=YmMyMTA2M2Y=","https://www.google.com/maps/place/Gemilang+Creativindo/data=!4m7!3m6!1s0x2dbf1d0c25cd3229:0x75335d694fe32f2!8m2!3d-5.1465636!4d119.4175465!16s%2Fg%2F11kbpvldn8!19sChIJKTLNJQwdvy0R8jL-lNY1Uwc?authuser=0&hl=id&g_ep=EgoyMDI2MDkyMy4wIJJjKgBIAVAD&rclk=1","Belum Dihubungi"
"61","Wedding Organizer Makassar l R","Perencana Pernikahan","Perum Bumi Aura Permai Jl. Tumanurung Raya, Taeng, Kec. Pallangga, Kabupaten Gowa, Sulawesi Selatan 92114","082188430108","https://wa.me/6282188430108","-","0","TIDAK ADA WEBSITE (GOLDEN LEAD 🔥)","-","https://www.google.com/maps/place/Wedding+Organizer+Makassar+l+R/data=!4m7!3m6!1s0x2dbee35ee303934d:0xd14ecb3ae89ff834!8m2!3d-5.2007181!4d119.4402838!16s%2Fg%2F11y1nd3z5_!19sChIJTZMD417jvi0RNPif6DrLTtE?authuser=0&hl=id&g_ep=EgoyMDI2MDkyMy4wIJJjKgBIAVAD&rclk=1","Belum Dihubungi"
"62","Active Production Makassar (EVENT ORGANIZER)","Perancang Acara","Eunoia cafe, Jl. Kijang No.3, Maricaya Baru, Kec. Makassar, Kota Makassar, Sulawesi Selatan 90231","081355997904","https://wa.me/6281355997904","5,0","0","TIDAK ADA WEBSITE (GOLDEN LEAD 🔥)","-","https://www.google.com/maps/place/Active+Production+Makassar+%28EVENT+ORGANIZER%29/data=!4m7!3m6!1s0x2dbee2c16bc71aed:0x7d1a6d2b6f9f820b!8m2!3d-5.1463569!4d119.4198763!16s%2Fg%2F11gg739dhv!19sChIJ7RrHa8Hivi0RC4KfbyttGn0?authuser=0&hl=id&g_ep=EgoyMDI2MDkyMy4wIJJjKgBIAVAD&rclk=1","Belum Dihubungi"
"63","99 WEDDING","Jasa Pernikahan","Paccerakkang, Kec. Biringkanaya, Kota Makassar, Sulawesi Selatan 90245","08114125499","https://wa.me/628114125499","4,8","0","TIDAK ADA WEBSITE (GOLDEN LEAD 🔥)","-","https://www.google.com/maps/place/99+WEDDING/data=!4m7!3m6!1s0x2dbefca99efee1d1:0x857f626a4c2959ec!8m2!3d-5.1323036!4d119.5080477!16s%2Fg%2F11cjhr6zjg!19sChIJ0eH-nqn8vi0R7FkpTGpif4U?authuser=0&hl=id&g_ep=EgoyMDI2MDkyMy4wIJJjKgBIAVAD&rclk=1","Belum Dihubungi"
"64","Kantor Runway Wedding Organizer","Event Organizer (EO)","Ruko Metro Square, Jl. Gunung Latimojong No.G19, Lariang Bangi, Kec. Makassar, Kota Makassar, Sulawesi Selatan 90151","08114103500","https://wa.me/628114103500","4,2","0","SUDAH ADA WEBSITE","http://www.runwaywo.com/","https://www.google.com/maps/place/Kantor+Runway+Wedding+Organizer/data=!4m7!3m6!1s0x2dbee2ae6c382d6f:0xe38f04f4674c28dd!8m2!3d-5.1371171!4d119.4214132!16s%2Fg%2F11c1ng7dkx!19sChIJby04bK7ivi0R3ShMZ_QEj-M?authuser=0&hl=id&g_ep=EgoyMDI2MDkyMy4wIJJjKgBIAVAD&rclk=1","Belum Dihubungi"
"65","Decartism (Party Planner)","Perencana Pesta","RFPF+MF3, Unnamed Road, Antang, Manggala, Makassar City, South Sulawesi 90234","085242088886","https://wa.me/6285242088886","5,0","0","TIDAK ADA WEBSITE (GOLDEN LEAD 🔥)","-","https://www.google.com/maps/place/Decartism+%28Party+Planner%29/data=!4m7!3m6!1s0x2dbee3d21dafeca1:0xcec749688aeea35b!8m2!3d-5.1633706!4d119.4736586!16s%2Fg%2F11h2dc1g3m!19sChIJoeyvHdLjvi0RW6PuimhJx84?authuser=0&hl=id&g_ep=EgoyMDI2MDkyMy4wIJJjKgBIAVAD&rclk=1","Belum Dihubungi"
"66","Dekorasi Toraja Tomepare","Jasa Pernikahan","Jl. Batua Raya No.74, Batua, Kec. Panakkukang, Kota Makassar, Sulawesi Selatan 90231","081247121835","https://wa.me/6281247121835","4,7","0","TIDAK ADA WEBSITE (GOLDEN LEAD 🔥)","-","https://www.google.com/maps/place/Dekorasi+Toraja+Tomepare/data=!4m7!3m6!1s0x2dbee2d966507cf3:0xe1347ad4b8ef655b!8m2!3d-5.1532685!4d119.4587225!16s%2Fg%2F11f_j2p684!19sChIJ83xQZtnivi0RW2XvuNR6NOE?authuser=0&hl=id&g_ep=EgoyMDI2MDkyMy4wIJJjKgBIAVAD&rclk=1","Belum Dihubungi"
"67","Event Organizer - Zetta Adi Communication","Event Organizer (EO)","Jl. A.P. Pettarani KM. 4 Ruko Pettarani Plaza. 2, Sinrijala, Panakkukang, Makassar City, South Sulawesi 90222","081242445544","https://wa.me/6281242445544","5,0","0","SUDAH ADA WEBSITE","http://www.zettacom.id/","https://www.google.com/maps/place/Event+Organizer+-+Zetta+Adi+Communication/data=!4m7!3m6!1s0x2dbee260efada8cf:0xcc9af34304fb98ff!8m2!3d-5.1396721!4d119.4386843!16s%2Fg%2F11c480rz5s!19sChIJz6it72Divi0R_5j7BEPzmsw?authuser=0&hl=id&g_ep=EgoyMDI2MDkyMy4wIJJjKgBIAVAD&rclk=1","Belum Dihubungi"
"68","Wedding Organizer Indonesia","Jasa Pernikahan","Jl. Andi Tonro No.57B, Pa'baeng-Baeng, Kec. Tamalate, Kota Makassar, Sulawesi Selatan 90223","082322323817","https://wa.me/6282322323817","-","0","TIDAK ADA WEBSITE (GOLDEN LEAD 🔥)","-","https://www.google.com/maps/place/Wedding+Organizer+Indonesia/data=!4m7!3m6!1s0x2dbee36c3c3096fb:0xcf6d1abf09503174!8m2!3d-5.1717769!4d119.424235!16s%2Fg%2F11s7yy_b4n!19sChIJ-5YwPGzjvi0RdDFQCb8abc8?authuser=0&hl=id&g_ep=EgoyMDI2MDkyMy4wIJJjKgBIAVAD&rclk=1","Belum Dihubungi"
"69","Jean Florist and Decoration","Pusat Bisnis","Jl. Pajonga Dg. Ngalle No.20, Mario, Kec. Mariso, Kota Makassar, Sulawesi Selatan 17413","04118110386","-","4,7","0","TIDAK ADA WEBSITE (GOLDEN LEAD 🔥)","-","https://www.google.com/maps/place/Jean+Florist+and+Decoration/data=!4m7!3m6!1s0x2dbf1d60810b558f:0x22679b169e51a6ad!8m2!3d-5.1610958!4d119.4139351!16s%2Fg%2F1ptw31syf!19sChIJj1ULgWAdvy0RraZRnhabZyI?authuser=0&hl=id&g_ep=EgoyMDI2MDkyMy4wIJJjKgBIAVAD&rclk=1","Belum Dihubungi"
"70","Dekorasimakassar_","Jasa Pernikahan","Jl. Sepakat No.59, Karuwisi, Kec. Panakkukang, Kota Makassar, Sulawesi Selatan 90231","085119553701","https://wa.me/6285119553701","5,0","0","TIDAK ADA WEBSITE (GOLDEN LEAD 🔥)","-","https://www.google.com/maps/place/Dekorasimakassar_/data=!4m7!3m6!1s0x2dbee3c829787cc1:0x5fbffd45c9cf147!8m2!3d-5.1420329!4d119.436068!16s%2Fg%2F11n45sf3nz!19sChIJwXx4Kcjjvi0RR_GcXNT_-wU?authuser=0&hl=id&g_ep=EgoyMDI2MDkyMy4wIJJjKgBIAVAD&rclk=1","Belum Dihubungi"
"71","wedding organizer makassar | CHRIST PROJECT","Perencana Pernikahan","Jl. Kakatua No.38, Mariso, Kec. Mariso, Kota Makassar, Sulawesi Selatan 90122","082393458001","https://wa.me/6282393458001","-","0","TIDAK ADA WEBSITE (GOLDEN LEAD 🔥)","-","https://www.google.com/maps/place/wedding+organizer+makassar+%7C+CHRIST+PROJECT/data=!4m7!3m6!1s0x2dbf1dd617f1d6e7:0xd4307f7dff677102!8m2!3d-5.1612294!4d119.4127318!16s%2Fg%2F11rtrgg0bt!19sChIJ59bxF9Ydvy0RAnFn_31_MNQ?authuser=0&hl=id&g_ep=EgoyMDI2MDkyMy4wIJJjKgBIAVAD&rclk=1","Belum Dihubungi"
"72","Sharon Entertainment & Event Organizer","Kedai Kopi","Jl. Lamaddukelleng No.66a, Losari, Kec. Ujung Pandang, Kota Makassar, Sulawesi Selatan 90113","081526288882","https://wa.me/6281526288882","5,0","0","SUDAH ADA WEBSITE","https://www.sharoneomks.com/","https://www.google.com/maps/place/Sharon+Entertainment+%26+Event+Organizer/data=!4m7!3m6!1s0x2dbf1dc3207a5859:0x95f12e456a2827d1!8m2!3d-5.1469505!4d119.4108422!16s%2Fg%2F11y7s89cpp!19sChIJWVh6IMMdvy0R0ScoakUu8ZU?authuser=0&hl=id&g_ep=EgoyMDI2MDkyMy4wIJJjKgBIAVAD&rclk=1","Belum Dihubungi"
"73","UpperHills Convention Hall","Gedung Pernikahan","Jl. Metro Tj. Bunga No.995, Mattoangin, Kec. Mariso, Kota Makassar, Sulawesi Selatan 90224","081341537458","https://wa.me/6281341537458","4,6","0","TIDAK ADA WEBSITE (GOLDEN LEAD 🔥)","-","https://www.google.com/maps/place/UpperHills+Convention+Hall/data=!4m7!3m6!1s0x2dbf1d0dca1cf797:0x15a4ebc6aa0744fa!8m2!3d-5.1588392!4d119.4020876!16s%2Fg%2F11bvt6b4sy!19sChIJl_ccyg0dvy0R-kQHqsbrpBU?authuser=0&hl=id&g_ep=EgoyMDI2MDkyMy4wIJJjKgBIAVAD&rclk=1","Belum Dihubungi"
"74","Ana Event (Sewa AC & Kipas Makassar)","Event Organizer (EO)","Orchard Vw, Tanjung Merdeka, Tamalate, Makassar City, South Sulawesi 90225","08114833386","https://wa.me/628114833386","5,0","0","SUDAH ADA WEBSITE","https://www.anaevent.id/","https://www.google.com/maps/place/Ana+Event+%28Sewa+AC+%26+Kipas+Makassar%29/data=!4m7!3m6!1s0x2dbf1df25c3cf999:0xbfae73327314a9bf!8m2!3d-5.1837788!4d119.4000735!16s%2Fg%2F11lmr5yp0z!19sChIJmfk8XPIdvy0Rv6kUczJzrr8?authuser=0&hl=id&g_ep=EgoyMDI2MDkyMy4wIJJjKgBIAVAD&rclk=1","Belum Dihubungi"
"75","Cv Mawar Wedding Organizer","Salon Kecantikan","Jl. H. Kalla 2 No.5, Panaikang, Kec. Panakkukang, Kota Makassar, Sulawesi Selatan 90233","082191418929","https://wa.me/6282191418929","4,5","0","TIDAK ADA WEBSITE (GOLDEN LEAD 🔥)","-","https://www.google.com/maps/place/Cv+Mawar+Wedding+Organizer/data=!4m7!3m6!1s0x2dbefd2b3e238085:0x52b3769c537398fa!8m2!3d-5.1393559!4d119.460666!16s%2Fg%2F11csrnpxmn!19sChIJhYAjPiv9vi0R-phzU5x2s1I?authuser=0&hl=id&g_ep=EgoyMDI2MDkyMy4wIJJjKgBIAVAD&rclk=1","Belum Dihubungi"
"76","Wiwiek Makeup & Wedding Organizer","Layanan penyewaan gaun pernikahan","griya prima tonasa blok d2 no 7, Pai, Kec. Biringkanaya, Kota Makassar, Sulawesi Selatan 90242","082349991994","https://wa.me/6282349991994","5,0","0","TIDAK ADA WEBSITE (GOLDEN LEAD 🔥)","-","https://www.google.com/maps/place/Wiwiek+Makeup+%26+Wedding+Organizer/data=!4m7!3m6!1s0x2dbefb7f36b09761:0xfe5069b26cdba7ec!8m2!3d-5.1021165!4d119.5161066!16s%2Fg%2F11gfjbc0zc!19sChIJYZewNn_7vi0R7KfbbLJpUP4?authuser=0&hl=id&g_ep=EgoyMDI2MDkyMy4wIJJjKgBIAVAD&rclk=1","Belum Dihubungi"
"77","Bless Decoration","Jasa Pernikahan","Jl. Pelita Raya C No.A5, RW.8, Bua Kana, Kec. Rappocini, Kota Makassar, Sulawesi Selatan 90222","081341119988","https://wa.me/6281341119988","4,5","0","TIDAK ADA WEBSITE (GOLDEN LEAD 🔥)","-","https://www.google.com/maps/place/Bless+Decoration/data=!4m7!3m6!1s0x2dbee2ba3d1a682d:0x8c622e102d86fbcd!8m2!3d-5.1535551!4d119.4339405!16s%2Fg%2F1pt_47_t0!19sChIJLWgaPbrivi0RzfuGLRAuYow?authuser=0&hl=id&g_ep=EgoyMDI2MDkyMy4wIJJjKgBIAVAD&rclk=1","Belum Dihubungi"
"78","Hj. Yanie Wedding Organizer","Kantor Perusahaan","Jl. Sultan Hasanuddin No.73/79, Pandang Pandang, Kec. Somba Opu, Kabupaten Gowa, Sulawesi Selatan 92114","081340713505","https://wa.me/6281340713505","-","0","TIDAK ADA WEBSITE (GOLDEN LEAD 🔥)","-","https://www.google.com/maps/place/Hj.+Yanie+Wedding+Organizer/data=!4m7!3m6!1s0x2dbee3cc485011d7:0xdc8f410240d1987b!8m2!3d-5.1966143!4d119.4452854!16s%2Fg%2F11pq4m7_fx!19sChIJ1xFQSMzjvi0Re5jRQAJBj9w?authuser=0&hl=id&g_ep=EgoyMDI2MDkyMy4wIJJjKgBIAVAD&rclk=1","Belum Dihubungi"
"79","Rachmat Tent","Event Organizer (EO)","Jl. Aroeppala No.88, Gn. Sari, Kec. Rappocini, Kota Makassar, Sulawesi Selatan 90233","08114199788","https://wa.me/628114199788","4,5","0","SUDAH ADA WEBSITE","https://rachmattent.com/","https://www.google.com/maps/place/Rachmat+Tent/data=!4m7!3m6!1s0x2dbf1d609bbf6243:0x6a2a0b2a1c65ab80!8m2!3d-5.1771857!4d119.4588892!16s%2Fg%2F1hm367g9f!19sChIJQ2K_m2Advy0RgKtlHCoLKmo?authuser=0&hl=id&g_ep=EgoyMDI2MDkyMy4wIJJjKgBIAVAD&rclk=1","Belum Dihubungi"
"80","BProject Wedding Organizer","Bisnis Lokal","KOMP, Jl. Puri Taman Sari No.J1.9, Borong, Kec. Manggala, Kota Makassar, Sulawesi Selatan 90231","089654695198","https://wa.me/6289654695198","-","0","TIDAK ADA WEBSITE (GOLDEN LEAD 🔥)","-","https://www.google.com/maps/place/BProject+Wedding+Organizer/data=!4m7!3m6!1s0x2dbee3ac88fec3cd:0x1dedcbaf5066ac5d!8m2!3d-5.1677021!4d119.4657471!16s%2Fg%2F11pzynvpwf!19sChIJzcP-iKzjvi0RXaxmUK_L7R0?authuser=0&hl=id&g_ep=EgoyMDI2MDkyMy4wIJJjKgBIAVAD&rclk=1","Belum Dihubungi"
"81","Honey Wedding Organizer","Perencana Pernikahan","Jl. Lanto Dg. Pasewang, Maricaya, Kec. Makassar, Kota Makassar, Sulawesi Selatan 90222","085394177101","https://wa.me/6285394177101","-","0","TIDAK ADA WEBSITE (GOLDEN LEAD 🔥)","-","https://www.google.com/maps/place/Honey+Wedding+Organizer/data=!4m7!3m6!1s0x2dbee31178b9047b:0x8cc53f08588734ef!8m2!3d-5.1519229!4d119.4196965!16s%2Fg%2F11v63bs1rv!19sChIJewS5eBHjvi0R7zSHWAg_xYw?authuser=0&hl=id&g_ep=EgoyMDI2MDkyMy4wIJJjKgBIAVAD&rclk=1","Belum Dihubungi"
"82","Kennys flowers organizer","Jasa Pernikahan","Jln kebahagiaan Utara 6, Jl. Kesenangan 3 No.282 blok A, Tamalanrea, Kec. Tamalanrea, Kota Makassar, Sulawesi Selatan 90245","082257323377","https://wa.me/6282257323377","5,0","0","TIDAK ADA WEBSITE (GOLDEN LEAD 🔥)","-","https://www.google.com/maps/place/Kennys+flowers+organizer/data=!4m7!3m6!1s0x2dbee347814146cf:0x5430ae6d0420ff05!8m2!3d-5.1319132!4d119.5077383!16s%2Fg%2F11l30bnrgz!19sChIJz0ZBgUfjvi0RBf8gBG2uMFQ?authuser=0&hl=id&g_ep=EgoyMDI2MDkyMy4wIJJjKgBIAVAD&rclk=1","Belum Dihubungi"
"83","Relate Organizer","Event Organizer (EO)","Jl. Daeng Hayo No.26, Antang, Kec. Manggala, Kota Makassar, Sulawesi Selatan 90234","081242611972","https://wa.me/6281242611972","-","0","SUDAH ADA WEBSITE","https://relatehouse.id/","https://www.google.com/maps/place/Relate+Organizer/data=!4m7!3m6!1s0x2dbee33ddd1784fb:0xf7bd8dde03fc2187!8m2!3d-5.1536529!4d119.4732278!16s%2Fg%2F11ntcg564s!19sChIJ-4QX3T3jvi0RhyH8A96Nvfc?authuser=0&hl=id&g_ep=EgoyMDI2MDkyMy4wIJJjKgBIAVAD&rclk=1","Belum Dihubungi"
"84","ColorProduction","Kantor Perusahaan","RCRP+5MG, Bua Kana, Kec. Rappocini, Kota Makassar, Sulawesi Selatan 90222","08114000092","https://wa.me/628114000092","5,0","0","TIDAK ADA WEBSITE (GOLDEN LEAD 🔥)","-","https://www.google.com/maps/place/ColorProduction/data=!4m7!3m6!1s0x2dbee35c8978d31d:0x9b5b3df7d62b49eb!8m2!3d-5.159574!4d119.4367145!16s%2Fg%2F11fftcc_87!19sChIJHdN4iVzjvi0R60kr1vc9W5s?authuser=0&hl=id&g_ep=EgoyMDI2MDkyMy4wIJJjKgBIAVAD&rclk=1","Belum Dihubungi"
"85","Salon Ulfa - Rumah Pengantin Makassar","Jasa Pernikahan","Jl. Urip Sumoharjo No.170, Sinrijala, Kec. Makassar, Kota Makassar, Sulawesi Selatan 90231","081543327415","https://wa.me/6281543327415","4,7","0","HANYA LINKTREE/MEDSOS (GOLDEN LEAD 🔥)","http://instagram.com/salon.ulfaa","https://www.google.com/maps/place/Salon+Ulfa+-+Rumah+Pengantin+Makassar/data=!4m7!3m6!1s0x2dbefddc3a1ee2d3:0xe33c90ed64620fb6!8m2!3d-5.1381209!4d119.4420209!16s%2Fg%2F11trgtzl_x!19sChIJ0-IeOtz9vi0Rtg9iZO2QPOM?authuser=0&hl=id&g_ep=EgoyMDI2MDkyMy4wIJJjKgBIAVAD&rclk=1","Belum Dihubungi"
"86","SAHABAT LUXE","Event Organizer (EO)","Kompleks, Jl. Btn Hartaco Indah No.4 blok 5p, Parang Tambung, Kec. Tamalate, Kota Makassar, Sulawesi Selatan 90224","08981543567","https://wa.me/628981543567","-","0","TIDAK ADA WEBSITE (GOLDEN LEAD 🔥)","-","https://www.google.com/maps/place/SAHABAT+LUXE/data=!4m7!3m6!1s0x2dbee3caaccb4e53:0x892ef6f0c18d351e!8m2!3d-5.1831448!4d119.4198257!16s%2Fg%2F11zyx6vgws!19sChIJU07LrMrjvi0RHjWNwfD2Lok?authuser=0&hl=id&g_ep=EgoyMDI2MDkyMy4wIJJjKgBIAVAD&rclk=1","Belum Dihubungi"
"87","Hj. Yanie Rumah pengantin","Salon Kecantikan","Jl. Talasalapang No.68, Karunrung, Kec. Rappocini, Kota Makassar, Sulawesi Selatan 90221","081242420801","https://wa.me/6281242420801","5,0","0","SUDAH ADA WEBSITE","https://rumahpengantinhjyanie.com/","https://www.google.com/maps/place/Hj.+Yanie+Rumah+pengantin/data=!4m7!3m6!1s0x2dbee36b4654e3c1:0xcad8e7cf9155b5c!8m2!3d-5.183105!4d119.4474927!16s%2Fg%2F11q3y7vn10!19sChIJweNURmvjvi0RXFsV-XyOrQw?authuser=0&hl=id&g_ep=EgoyMDI2MDkyMy4wIJJjKgBIAVAD&rclk=1","Belum Dihubungi"
"88","D' EDELWEISS BALLROOM UNIFA","Tempat acara","VC2X+9WM, Jl. Prof. Abdurahman Basalamah No.101, Karampuang, Kec. Panakkukang, Kota Makassar, Sulawesi Selatan 90231","082188867916","https://wa.me/6282188867916","4,4","0","HANYA LINKTREE/MEDSOS (GOLDEN LEAD 🔥)","https://instagram.com/edelweissballroom","https://www.google.com/maps/place/D%27+EDELWEISS+BALLROOM+UNIFA/data=!4m7!3m6!1s0x2dbee36767398167:0x998e5620fea54e14!8m2!3d-5.1490587!4d119.4497536!16s%2Fg%2F11k5919_wc!19sChIJZ4E5Z2fjvi0RFE6l_iBWjpk?authuser=0&hl=id&g_ep=EgoyMDI2MDkyMy4wIJJjKgBIAVAD&rclk=1","Belum Dihubungi"
"89","Diart Decoration","Konselor pasangan atau pernikahan","Kompleks cendrawasih towhn house, Jl. Baji Rupa No.13, Balang Baru, Kec. Tamalate, Kota Makassar, Sulawesi Selatan 90224","081243310801","https://wa.me/6281243310801","5,0","0","HANYA LINKTREE/MEDSOS (GOLDEN LEAD 🔥)","https://www.instagram.com/diart.decoration/","https://www.google.com/maps/place/Diart+Decoration/data=!4m7!3m6!1s0x2dbf1d4efc221055:0x9ad533e5fe667a1d!8m2!3d-5.1810417!4d119.4100885!16s%2Fg%2F11fj42fngs!19sChIJVRAi_E4dvy0RHXpm_uUz1Zo?authuser=0&hl=id&g_ep=EgoyMDI2MDkyMy4wIJJjKgBIAVAD&rclk=1","Belum Dihubungi"
"90","Sewa AC Standing & Kipas Angin Uap Makassar ( AUL EVENT )","Event Organizer (EO)","Jl. Sukamana No.61, Sinrijala, Kec. Panakkukang, Kota Makassar, Sulawesi Selatan 90231","081248449996","https://wa.me/6281248449996","5,0","0","SUDAH ADA WEBSITE","http://www.aulevent.com/","https://www.google.com/maps/place/Sewa+AC+Standing+%26+Kipas+Angin+Uap+Makassar+%28+AUL+EVENT+%29/data=!4m7!3m6!1s0x2dbefd4dbcb24c1f:0xa096b6332de3e472!8m2!3d-5.1409666!4d119.4411417!16s%2Fg%2F11yb0n7ync!19sChIJH0yyvE39vi0RcuTjLTO2lqA?authuser=0&hl=id&g_ep=EgoyMDI2MDkyMy4wIJJjKgBIAVAD&rclk=1","Belum Dihubungi"
"91","Sewa Tenda Makassar (Mahathir Tents and Decoration)","Layanan Sewa Tenda","Jl. Balana 1 Samping Kantor Lurah No.43, Barana, Kec. Makassar, Kota Makassar, Sulawesi Selatan 90145","082293214181","https://wa.me/6282293214181","5,0","0","SUDAH ADA WEBSITE","https://www.sewatendamks.com/","https://www.google.com/maps/place/Sewa+Tenda+Makassar+%28Mahathir+Tents+and+Decoration%29/data=!4m7!3m6!1s0x2dbefd180896b043:0x8b3c5aac93308436!8m2!3d-5.1377177!4d119.4252575!16s%2Fg%2F11x199x1hs!19sChIJQ7CWCBj9vi0RNoQwk6xaPIs?authuser=0&hl=id&g_ep=EgoyMDI2MDkyMy4wIJJjKgBIAVAD&rclk=1","Belum Dihubungi"
"92","Rumah pengantin Hj. Indira","Toko Perlengkapan Pengantin Wanita","Jl. Veteran Utara No.142, Gaddong, Kec. Bontoala, Kota Makassar, Sulawesi Selatan 90153","085102469999","https://wa.me/6285102469999","4,4","0","TIDAK ADA WEBSITE (GOLDEN LEAD 🔥)","-","https://www.google.com/maps/place/Rumah+pengantin+Hj.+Indira/data=!4m7!3m6!1s0x2dbefd3530a01107:0x527e3dc2ef27262e!8m2!3d-5.1346269!4d119.4218187!16s%2Fg%2F11g0zp6rlx!19sChIJBxGgMDX9vi0RLiYn78I9flI?authuser=0&hl=id&g_ep=EgoyMDI2MDkyMy4wIJJjKgBIAVAD&rclk=1","Belum Dihubungi"
"93","Gedung Haji Bate","Gedung Pernikahan","Jl. Tumanurung Raya, Kalegowa, Kec. Somba Opu, Kabupaten Gowa, Sulawesi Selatan 92115","081354444726","https://wa.me/6281354444726","4,4","0","TIDAK ADA WEBSITE (GOLDEN LEAD 🔥)","-","https://www.google.com/maps/place/Gedung+Haji+Bate/data=!4m7!3m6!1s0x2dbee239b424e11f:0x5690830ea7e9c6db!8m2!3d-5.1990458!4d119.4509956!16s%2Fg%2F11b778mqml!19sChIJH-EktDnivi0R28bppw6DkFY?authuser=0&hl=id&g_ep=EgoyMDI2MDkyMy4wIJJjKgBIAVAD&rclk=1","Belum Dihubungi"
"94","Rumah Pengantin Menard","Jasa Pernikahan","Jl. Cepa No.3, Barana, Kec. Makassar, Kota Makassar, Sulawesi Selatan 90145","0411449007","-","4,7","0","TIDAK ADA WEBSITE (GOLDEN LEAD 🔥)","-","https://www.google.com/maps/place/Rumah+Pengantin+Menard/data=!4m7!3m6!1s0x2dbefd54787325d3:0xd815f31138613c99!8m2!3d-5.1394546!4d119.4238381!16s%2Fg%2F11b77npq43!19sChIJ0yVzeFT9vi0RmTxhOBHzFdg?authuser=0&hl=id&g_ep=EgoyMDI2MDkyMy4wIJJjKgBIAVAD&rclk=1","Belum Dihubungi"
"95","WAVE PROJECT MAKASSAR","Event Organizer (EO)","Jl. Teuku Umar 11 Lrg. 8, Kaluku Bodoa, Kec. Tallo, Kota Makassar, Sulawesi Selatan 90212","08987408554","https://wa.me/628987408554","-","0","SUDAH ADA WEBSITE","https://msha.ke/waveproject.mks","https://www.google.com/maps/place/WAVE+PROJECT+MAKASSAR/data=!4m7!3m6!1s0x2dbefd13b1540185:0x3a0551afe598bc2c!8m2!3d-5.113784!4d119.4348594!16s%2Fg%2F11m_52dg_3!19sChIJhQFUsRP9vi0RLLyY5a9RBTo?authuser=0&hl=id&g_ep=EgoyMDI2MDkyMy4wIJJjKgBIAVAD&rclk=1","Belum Dihubungi"
"96","Dream Wedding Organizer","Jasa Pernikahan","Jl. Paropo ll, Paropo, Kec. Panakkukang, Kota Makassar, Sulawesi Selatan 90233","081342455152","https://wa.me/6281342455152","-","0","TIDAK ADA WEBSITE (GOLDEN LEAD 🔥)","-","https://www.google.com/maps/place/Dream+Wedding+Organizer/data=!4m7!3m6!1s0x2dbee389f6815171:0x31d6d5f908ee71be!8m2!3d-5.1496836!4d119.4573171!16s%2Fg%2F11xsptbmjd!19sChIJcVGB9onjvi0RvnHuCPnV1jE?authuser=0&hl=id&g_ep=EgoyMDI2MDkyMy4wIJJjKgBIAVAD&rclk=1","Belum Dihubungi"
"97","Primadeva Catering","Katering","Jalan Kakaktua 2 No.108 Pa'batong, Parang, Kec. Mamajang, Kota Makassar, Sulawesi Selatan 13430","082187370370","https://wa.me/6282187370370","4,6","0","TIDAK ADA WEBSITE (GOLDEN LEAD 🔥)","-","https://www.google.com/maps/place/Primadeva+Catering/data=!4m7!3m6!1s0x2dbf1d6041dbef63:0x6561ff7dcb3bd913!8m2!3d-5.1637609!4d119.4163973!16s%2Fg%2F11b6d40__c!19sChIJY-_bQWAdvy0RE9k7y33_YWU?authuser=0&hl=id&g_ep=EgoyMDI2MDkyMy4wIJJjKgBIAVAD&rclk=1","Belum Dihubungi"
"98","ARAH EVENT - RENTAL TV LED Screen Proyektor Speaker Sound Mic Sewa HT Clearcom Intercom Videotron Live Streaming","Layanan Rental Alat","Jl. Faisal XIV Lorong 7 No.2B, Banta-Bantaeng, Kec. Rappocini, Kota Makassar, Sulawesi Selatan 90222","082345465755","https://wa.me/6282345465755","5,0","0","SUDAH ADA WEBSITE","https://arahevent.id/","https://www.google.com/maps/place/ARAH+EVENT+-+RENTAL+TV+LED+Screen+Proyektor+Speaker+Sound+Mic+Sewa+HT+Clearcom+Intercom+Videotron+Live+Streaming/data=!4m7!3m6!1s0x2dbee39ee5b545db:0xc0a0690abd300e13!8m2!3d-5.1622719!4d119.4291777!16s%2Fg%2F11sd9dl4yz!19sChIJ20W15Z7jvi0REw4wvQppoMA?authuser=0&hl=id&g_ep=EgoyMDI2MDkyMy4wIJJjKgBIAVAD&rclk=1","Belum Dihubungi"
